-- MySQL dump 10.13  Distrib 8.0.36, for Win64 (x86_64)
--
-- Host: 127.0.0.1    Database: proyecto_correcciones
-- ------------------------------------------------------
-- Server version	8.0.36

/*!40101 SET @OLD_CHARACTER_SET_CLIENT=@@CHARACTER_SET_CLIENT */;
/*!40101 SET @OLD_CHARACTER_SET_RESULTS=@@CHARACTER_SET_RESULTS */;
/*!40101 SET @OLD_COLLATION_CONNECTION=@@COLLATION_CONNECTION */;
/*!50503 SET NAMES utf8 */;
/*!40103 SET @OLD_TIME_ZONE=@@TIME_ZONE */;
/*!40103 SET TIME_ZONE='+00:00' */;
/*!40014 SET @OLD_UNIQUE_CHECKS=@@UNIQUE_CHECKS, UNIQUE_CHECKS=0 */;
/*!40014 SET @OLD_FOREIGN_KEY_CHECKS=@@FOREIGN_KEY_CHECKS, FOREIGN_KEY_CHECKS=0 */;
/*!40101 SET @OLD_SQL_MODE=@@SQL_MODE, SQL_MODE='NO_AUTO_VALUE_ON_ZERO' */;
/*!40111 SET @OLD_SQL_NOTES=@@SQL_NOTES, SQL_NOTES=0 */;

--
-- Table structure for table `administrador`
--

DROP TABLE IF EXISTS `administrador`;
/*!40101 SET @saved_cs_client     = @@character_set_client */;
/*!50503 SET character_set_client = utf8mb4 */;
CREATE TABLE `administrador` (
  `id` int NOT NULL AUTO_INCREMENT,
  `id_usuario` int DEFAULT NULL,
  PRIMARY KEY (`id`),
  KEY `id_usuario` (`id_usuario`),
  CONSTRAINT `administrador_ibfk_1` FOREIGN KEY (`id_usuario`) REFERENCES `usuario` (`id`)
) ENGINE=InnoDB AUTO_INCREMENT=21 DEFAULT CHARSET=utf8mb4 COLLATE=utf8mb4_0900_ai_ci;
/*!40101 SET character_set_client = @saved_cs_client */;

--
-- Dumping data for table `administrador`
--

LOCK TABLES `administrador` WRITE;
/*!40000 ALTER TABLE `administrador` DISABLE KEYS */;
INSERT INTO `administrador` VALUES (1,481),(2,482),(3,483),(4,484),(5,485),(6,486),(7,487),(8,488),(9,489),(10,490),(11,491),(12,492),(13,493),(14,494),(15,495),(16,496),(17,497),(18,498),(19,499),(20,500);
/*!40000 ALTER TABLE `administrador` ENABLE KEYS */;
UNLOCK TABLES;

--
-- Table structure for table `alergia`
--

DROP TABLE IF EXISTS `alergia`;
/*!40101 SET @saved_cs_client     = @@character_set_client */;
/*!50503 SET character_set_client = utf8mb4 */;
CREATE TABLE `alergia` (
  `id` int NOT NULL AUTO_INCREMENT,
  `nombre` varchar(40) DEFAULT NULL,
  `descripcion` varchar(255) DEFAULT NULL,
  `id_paciente` int DEFAULT NULL,
  PRIMARY KEY (`id`),
  KEY `id_paciente` (`id_paciente`),
  CONSTRAINT `alergia_ibfk_1` FOREIGN KEY (`id_paciente`) REFERENCES `paciente` (`id`)
) ENGINE=InnoDB AUTO_INCREMENT=372 DEFAULT CHARSET=utf8mb4 COLLATE=utf8mb4_0900_ai_ci;
/*!40101 SET character_set_client = @saved_cs_client */;

--
-- Dumping data for table `alergia`
--

LOCK TABLES `alergia` WRITE;
/*!40000 ALTER TABLE `alergia` DISABLE KEYS */;
INSERT INTO `alergia` VALUES (1,'Polen','Alergia al polen de las plantas.',NULL),(2,'Ácaros del polvo','Alergia a los ácaros presentes en el polvo doméstico.',NULL),(3,'Moho','Alergia al moho que se encuentra en ambientes húmedos y oscuros.',NULL),(4,'Caspa de animales','Alergia a la piel muerta de animales, como perros y gatos.',NULL),(5,'Alimentos','Alergia a ciertos alimentos como cacahuetes, mariscos, leche, etc.',NULL),(6,'Medicamentos','Alergia a medicamentos como la penicilina, aspirina, etc.',NULL),(7,'Picaduras de insectos','Alergia a las picaduras de insectos como abejas, avispas, mosquitos, etc.',NULL),(8,'Látex','Alergia al látex presente en guantes, preservativos, etc.',NULL),(9,'Níquel','Alergia al níquel presente en joyas y objetos metálicos.',NULL),(10,'Sol','Alergia a la exposición excesiva al sol.',NULL),(11,'Frutas','Alergia a ciertas frutas como fresas, plátanos, etc.',NULL),(12,'Polvo','Alergia al polvo ambiental.',NULL),(13,'Mariscos','Alergia a mariscos como camarones, langostas, etc.',NULL),(14,'Leche','Alergia a la proteína de la leche de vaca.',NULL),(15,'Huevos','Alergia a la clara o yema de huevo.',NULL),(16,'Trigo','Alergia al gluten presente en el trigo.',NULL),(17,'Soja','Alergia a la soja y sus derivados.',NULL),(18,'Pescado','Alergia a diversos tipos de pescado como el salmón, atún, etc.',NULL),(19,'Cacahuetes','Alergia a los cacahuetes y otros frutos secos.',NULL),(20,'Cacao','Alergia al cacao presente en el chocolate.',NULL),(21,'Café','Alergia a la cafeína presente en el café.',NULL),(22,'Pollo','Alergia a la carne de pollo.',NULL),(23,'Cerdo','Alergia a la carne de cerdo.',NULL),(24,'Ternera','Alergia a la carne de ternera.',NULL),(25,'Ajo','Alergia al ajo y sus derivados.',NULL),(26,'Cebolla','Alergia a la cebolla y sus derivados.',NULL),(27,'Tomate','Alergia al tomate y sus derivados.',NULL),(28,'Pimiento','Alergia al pimiento y sus derivados.',NULL),(29,'Zanahoria','Alergia a la zanahoria y sus derivados.',NULL),(30,'Pepino','Alergia al pepino y sus derivados.',NULL),(31,'Calabacín','Alergia al calabacín y sus derivados.',NULL),(32,'Berenjena','Alergia a la berenjena y sus derivados.',NULL),(33,'Patata','Alergia a la patata y sus derivados.',NULL),(34,'Arroz','Alergia al arroz y sus derivados.',NULL),(35,'Maíz','Alergia al maíz y sus derivados.',NULL),(36,'Avena','Alergia a la avena y sus derivados.',NULL),(37,'Centeno','Alergia al centeno y sus derivados.',NULL),(38,'Cebada','Alergia a la cebada y sus derivados.',NULL),(39,'Almendra','Alergia a la almendra y otros frutos secos.',NULL),(40,'Avellana','Alergia a la avellana y otros frutos secos.',NULL),(41,'Nuez','Alergia a la nuez y otros frutos secos.',NULL),(42,'Pistacho','Alergia al pistacho y otros frutos secos.',NULL),(43,'Anacardo','Alergia al anacardo y otros frutos secos.',NULL),(44,'Macadamia','Alergia a la macadamia y otros frutos secos.',NULL),(45,'Piñón','Alergia al piñón y otros frutos secos.',NULL),(46,'Sésamo','Alergia al sésamo y sus derivados.',NULL),(47,'Mostaza','Alergia a la mostaza y sus derivados.',NULL),(48,'Apio','Alergia al apio y sus derivados.',NULL),(49,'Huevo','Alergia al huevo y sus derivados.',NULL),(50,'Pescado','Alergia a diversos tipos de pescado.',NULL),(51,'Mariscos','Alergia a mariscos como camarones, langostas, etc.',NULL),(52,'Soja','Alergia a la soja y sus derivados.',NULL),(53,'Lentejas','Alergia a las lentejas y sus derivados.',NULL),(54,'Garbanzos','Alergia a los garbanzos y sus derivados.',NULL),(55,'Judías','Alergia a las judías y sus derivados.',NULL),(56,'Guisantes','Alergia a los guisantes y sus derivados.',NULL),(57,'Alubias','Alergia a las alubias y sus derivados.',NULL),(58,'Cacahuetes','Alergia a los cacahuetes y otros frutos secos.',NULL),(59,'Cacao','Alergia al cacao presente en el chocolate.',NULL),(60,'Café','Alergia a la cafeína presente en el café.',NULL),(61,'Té','Alergia a la cafeína presente en el té.',NULL),(62,'Cola','Alergia a la cafeína presente en las bebidas de cola.',NULL),(63,'Refrescos','Alergia a los refrescos y sus aditivos.',NULL),(64,'Agua','Alergia al agua y sus minerales.',NULL),(65,'Leche','Alergia a la proteína de la leche de vaca.',NULL),(66,'Yogur','Alergia a la proteína de la leche de vaca.',NULL),(67,'Queso','Alergia a la proteína de la leche de vaca.',NULL),(68,'Mantequilla','Alergia a la proteína de la leche de vaca.',NULL),(69,'Nata','Alergia a la proteína de la leche de vaca.',NULL),(70,'Helado','Alergia a la proteína de la leche de vaca.',NULL),(71,'Penicilina','Alergia a la penicilina y sus derivados.',NULL),(72,'Aspirina','Alergia a la aspirina y sus derivados.',NULL),(73,'Ibuprofeno','Alergia al ibuprofeno y sus derivados.',NULL),(74,'Paracetamol','Alergia al paracetamol y sus derivados.',NULL),(75,'Diclofenaco','Alergia al diclofenaco y sus derivados.',NULL),(76,'Naproxeno','Alergia al naproxeno y sus derivados.',NULL),(77,'Metamizol','Alergia al metamizol y sus derivados.',NULL),(78,'Omeprazol','Alergia al omeprazol y sus derivados.',NULL),(79,'Ranitidina','Alergia a la ranitidina y sus derivados.',NULL),(80,'Lansoprazol','Alergia al lansoprazol y sus derivados.',NULL),(81,'Pantoprazol','Alergia al pantoprazol y sus derivados.',NULL),(82,'Esomeprazol','Alergia al esomeprazol y sus derivados.',NULL),(83,'Metformina','Alergia a la metformina y sus derivados.',NULL),(84,'Glibenclamida','Alergia a la glibenclamida y sus derivados.',NULL),(85,'Insulina','Alergia a la insulina y sus derivados.',NULL),(86,'Metoprolol','Alergia al metoprolol y sus derivados.',NULL),(87,'Atenolol','Alergia al atenolol y sus derivados.',NULL),(88,'Enalapril','Alergia al enalapril y sus derivados.',NULL),(89,'Losartán','Alergia al losartán y sus derivados.',NULL),(90,'Hidroclorotiazida','Alergia a la hidroclorotiazida y sus derivados.',NULL),(91,'Furosemida','Alergia a la furosemida y sus derivados.',NULL),(92,'Ketorolaco','Alergia al ketorolaco y sus derivados.',NULL),(93,'Dipirona','Alergia a la dipirona y sus derivados.',NULL),(94,'Dexametasona','Alergia a la dexametasona y sus derivados.',NULL),(95,'Prednisona','Alergia a la prednisona y sus derivados.',NULL),(96,'Metilprednisolona','Alergia a la metilprednisolona y sus derivados.',NULL),(97,'Hidrocortisona','Alergia a la hidrocortisona y sus derivados.',NULL),(98,'Clotrimazol','Alergia al clotrimazol y sus derivados.',NULL),(99,'Miconazol','Alergia al miconazol y sus derivados.',NULL),(100,'Ketoconazol','Alergia al ketoconazol y sus derivados.',NULL),(101,'Terbinafina','Alergia a la terbinafina y sus derivados.',NULL),(102,'Aciclovir','Alergia al aciclovir y sus derivados.',NULL),(103,'Valaciclovir','Alergia al valaciclovir y sus derivados.',NULL),(104,'Famciclovir','Alergia al famciclovir y sus derivados.',NULL),(105,'Ganciclovir','Alergia al ganciclovir y sus derivados.',NULL),(106,'Cidofovir','Alergia al cidofovir y sus derivados.',NULL),(107,'Foscarnet','Alergia al foscarnet y sus derivados.',NULL),(108,'Zidovudina','Alergia a la zidovudina y sus derivados.',NULL),(109,'Lamivudina','Alergia a la lamivudina y sus derivados.',NULL),(110,'Tenofovir','Alergia al tenofovir y sus derivados.',NULL),(111,'Emtricitabina','Alergia a la emtricitabina y sus derivados.',NULL),(112,'Abacavir','Alergia a la abacavir y sus derivados.',NULL),(113,'Efavirenz','Alergia al efavirenz y sus derivados.',NULL),(114,'Nevirapina','Alergia a la nevirapina y sus derivados.',NULL),(115,'Ritonavir','Alergia al ritonavir y sus derivados.',NULL),(116,'Lopinavir','Alergia al lopinavir y sus derivados.',NULL),(117,'Atazanavir','Alergia al atazanavir y sus derivados.',NULL),(118,'Darunavir','Alergia al darunavir y sus derivados.',NULL),(119,'Saquinavir','Alergia al saquinavir y sus derivados.',NULL),(120,'Indinavir','Alergia al indinavir y sus derivados.',NULL),(121,'Fosamprenavir','Alergia al fosamprenavir y sus derivados.',NULL),(122,'Tipranavir','Alergia al tipranavir y sus derivados.',NULL),(123,'Enfuvirtida','Alergia a la enfuvirtida y sus derivados.',NULL),(124,'Maraviroc','Alergia al maraviroc y sus derivados.',NULL),(125,'Raltegravir','Alergia al raltegravir y sus derivados.',NULL),(126,'Dolutegravir','Alergia al dolutegravir y sus derivados.',NULL),(127,'Elvitegravir','Alergia al elvitegravir y sus derivados.',NULL),(128,'Solución salina','Alergia a la solución salina y sus derivados.',NULL),(129,'Glicerina','Alergia a la glicerina y sus derivados.',NULL),(130,'Propilenglicol','Alergia al propilenglicol y sus derivados.',NULL),(131,'Polietilenglicol','Alergia al polietilenglicol y sus derivados.',NULL),(132,'Sorbitol','Alergia al sorbitol y sus derivados.',NULL),(133,'Xilitol','Alergia al xilitol y sus derivados.',NULL),(134,'Maltitol','Alergia al maltitol y sus derivados.',NULL),(135,'Eritritol','Alergia al eritritol y sus derivados.',NULL),(136,'Isomalt','Alergia al isomalt y sus derivados.',NULL),(137,'Lactitol','Alergia al lactitol y sus derivados.',NULL),(138,'Manitol','Alergia al manitol y sus derivados.',NULL),(139,'Poliéster','Alergia al poliéster y sus derivados.',NULL),(140,'Nailon','Alergia al nailon y sus derivados.',NULL),(141,'Poliuretano','Alergia al poliuretano y sus derivados.',NULL),(142,'Algodón','Alergia al algodón y sus derivados.',NULL),(143,'Lino','Alergia al lino y sus derivados.',NULL),(144,'Seda','Alergia a la seda y sus derivados.',NULL),(145,'Lana','Alergia a la lana y sus derivados.',NULL),(146,'Reptiles','Alergia a los reptiles y sus derivados.',NULL),(147,'Aves','Alergia a las aves y sus derivados.',NULL),(148,'Peces','Alergia a los peces y sus derivados.',NULL),(149,'Crustáceos','Alergia a los crustáceos y sus derivados.',NULL),(150,'Moluscos','Alergia a los moluscos y sus derivados.',NULL),(151,'Amoxicilina','Alergia a la amoxicilina y sus derivados.',NULL),(152,'Cefalexina','Alergia a la cefalexina y sus derivados.',NULL),(153,'Ceftriaxona','Alergia a la ceftriaxona y sus derivados.',NULL),(154,'Cefuroxima','Alergia a la cefuroxima y sus derivados.',NULL),(155,'Cefixima','Alergia a la cefixima y sus derivados.',NULL),(156,'Cefadroxilo','Alergia a la cefadroxilo y sus derivados.',NULL),(157,'Cefaclor','Alergia a la cefaclor y sus derivados.',NULL),(158,'Cefalotina','Alergia a la cefalotina y sus derivados.',NULL),(159,'Cefazolina','Alergia a la cefazolina y sus derivados.',NULL),(160,'Cefepima','Alergia a la cefepima y sus derivados.',NULL),(161,'Cefotaxima','Alergia a la cefotaxima y sus derivados.',NULL),(162,'Cefoxitina','Alergia a la cefoxitina y sus derivados.',NULL),(163,'Cefpodoxima','Alergia a la cefpodoxima y sus derivados.',NULL),(164,'Ceftarolina','Alergia a la ceftarolina y sus derivados.',NULL),(165,'Ceftazidima','Alergia a la ceftazidima y sus derivados.',NULL),(166,'Ceftibuteno','Alergia a la ceftibuteno y sus derivados.',NULL),(167,'Ceftizoxima','Alergia a la ceftizoxima y sus derivados.',NULL),(168,'Puanamicina','Alergia a la puanamicina y sus derivados.',NULL),(169,'Azitromicina','Alergia a la azitromicina y sus derivados.',NULL),(170,'Claritromicina','Alergia a la claritromicina y sus derivados.',NULL),(171,'Eritromicina','Alergia a la eritromicina y sus derivados.',NULL),(172,'Telitromicina','Alergia a la telitromicina y sus derivados.',NULL),(173,'Tigeciclina','Alergia a la tigeciclina y sus derivados.',NULL),(174,'Doxiciclina','Alergia a la doxiciclina y sus derivados.',NULL),(175,'Minociclina','Alergia a la minociclina y sus derivados.',NULL),(176,'Tetraciclina','Alergia a la tetraciclina y sus derivados.',NULL),(177,'Amikacina','Alergia a la amikacina y sus derivados.',NULL),(178,'Gentamicina','Alergia a la gentamicina y sus derivados.',NULL),(179,'Neomicina','Alergia a la neomicina y sus derivados.',NULL),(180,'Tobramicina','Alergia a la tobramicina y sus derivados.',NULL),(181,'Vancomicina','Alergia a la vancomicina y sus derivados.',NULL),(182,'Clindamicina','Alergia a la clindamicina y sus derivados.',NULL),(183,'Lincomicina','Alergia a la lincomicina y sus derivados.',NULL),(184,'Metronidazol','Alergia al metronidazol y sus derivados.',NULL),(185,'Nitrofurantoína','Alergia a la nitrofurantoína y sus derivados.',NULL),(186,'Rifampicina','Alergia a la rifampicina y sus derivados.',NULL),(187,'Ciprofloxacino','Alergia al ciprofloxacino y sus derivados.',NULL),(188,'Levofloxacino','Alergia al levofloxacino y sus derivados.',NULL),(189,'Acero','Alergia al acero y sus derivados.',NULL),(190,'Aluminio','Alergia al aluminio y sus derivados.',NULL),(191,'Cobre','Alergia al cobre y sus derivados.',NULL),(192,'Hierro','Alergia al hierro y sus derivados.',NULL),(193,'Níquel','Alergia al níquel y sus derivados.',NULL),(194,'Plata','Alergia a la plata y sus derivados.',NULL),(195,'Plomo','Alergia al plomo y sus derivados.',NULL),(196,'Titanio','Alergia al titanio y sus derivados.',NULL),(197,'Zinc','Alergia al zinc y sus derivados.',NULL),(198,'Mercurio','Alergia al mercurio y sus derivados.',NULL),(199,'Cromo','Alergia al cromo y sus derivados.',NULL),(200,'Estaño','Alergia al estaño y sus derivados.',NULL),(201,'Cadmio','Alergia al cadmio y sus derivados.',NULL),(202,'Bario','Alergia al bario y sus derivados.',NULL),(203,'Litio','Alergia al litio y sus derivados.',NULL),(204,'Sodio','Alergia al sodio y sus derivados.',NULL),(205,'Potasio','Alergia al potasio y sus derivados.',NULL),(206,'Calcio','Alergia al calcio y sus derivados.',NULL),(207,'Magnesio','Alergia al magnesio y sus derivados.',NULL),(208,'Fósforo','Alergia al fósforo y sus derivados.',NULL),(209,'Azufre','Alergia al azufre y sus derivados.',NULL),(210,'Cloro','Alergia al cloro y sus derivados.',NULL),(211,'Flúor','Alergia al flúor y sus derivados.',NULL),(212,'Bromo','Alergia al bromo y sus derivados.',NULL),(213,'Yodo','Alergia al yodo y sus derivados.',NULL),(214,'Carbono','Alergia al carbono y sus derivados.',NULL),(215,'Hidrógeno','Alergia al hidrógeno y sus derivados.',NULL),(216,'Oxígeno','Alergia al oxígeno excesivo y sus derivados.',NULL),(217,'Nitrógeno','Alergia al nitrógeno y sus derivados.',NULL),(218,'Helio','Alergia al helio y sus derivados.',NULL),(219,'Neón','Alergia al neón y sus derivados.',NULL),(220,'Argón','Alergia al argón y sus derivados.',NULL),(221,'Kriptón','Alergia al kriptón y sus derivados.',NULL),(222,'Xenón','Alergia al xenón y sus derivados.',NULL),(223,'Radón','Alergia al radón y sus derivados.',NULL),(224,'Oro','Alergia al oro y sus derivados.',NULL),(225,'Platino','Alergia al platino y sus derivados.',NULL),(226,'Paladio','Alergia al paladio y sus derivados.',NULL),(227,'Rodio','Alergia al rodio y sus derivados.',NULL),(228,'Rutenio','Alergia al rutenio y sus derivados.',NULL),(229,'Iridio','Alergia al iridio y sus derivados.',NULL),(230,'Osmio','Alergia al osmio y sus derivados.',NULL),(231,'Tantalio','Alergia al tantalio y sus derivados.',NULL),(232,'Niobio','Alergia al niobio y sus derivados.',NULL),(233,'Circonio','Alergia al circonio y sus derivados.',NULL),(234,'Hafnio','Alergia al hafnio y sus derivados.',NULL),(235,'Tungsteno','Alergia al tungsteno y sus derivados.',NULL),(236,'Renio','Alergia al renio y sus derivados.',NULL),(237,'Polen de gramíneas','Alergia al polen producido por las gramíneas.',NULL),(238,'Polen de árboles frutales','Alergia al polen de los árboles que producen frutas.',NULL),(239,'Polen de flores de jardín','Alergia al polen de las flores de jardín.',NULL),(240,'Polen de malezas','Alergia al polen de diversas malezas y plantas no deseadas.',NULL),(241,'Polen de ciprés','Alergia al polen de los árboles de ciprés.',NULL),(242,'Polen de abedul','Alergia al polen del árbol de abedul.',NULL),(243,'Polen de olivo','Alergia al polen del árbol de olivo.',NULL),(244,'Polen de fresno','Alergia al polen del árbol de fresno.',NULL),(245,'Polen de nogal','Alergia al polen del árbol de nogal.',NULL),(246,'Polen de aliso','Alergia al polen del árbol de aliso.',NULL),(247,'Polen de olmo','Alergia al polen del árbol de olmo.',NULL),(248,'Polen de pino','Alergia al polen del árbol de pino.',NULL),(249,'Polen de roble','Alergia al polen del árbol de roble.',NULL),(250,'Polen de sauce','Alergia al polen del árbol de sauce.',NULL),(251,'Polen de tilo','Alergia al polen del árbol de tilo.',NULL),(252,'Polen de castaño','Alergia al polen del árbol de castaño.',NULL),(253,'Polen de eucalipto','Alergia al polen del árbol de eucalipto.',NULL),(254,'Polen de avellano','Alergia al polen del árbol de avellano.',NULL),(255,'Polen de avión','Alergia al polen del árbol de avión.',NULL),(256,'Polen de arce','Alergia al polen del árbol de arce.',NULL),(257,'Polen de tejo','Alergia al polen del árbol de tejo.',NULL),(258,'Polen de serbal','Alergia al polen del árbol de serbal.',NULL),(259,'Polen de enebro','Alergia al polen del árbol de enebro.',NULL),(260,'Polen de laurel','Alergia al polen del árbol de laurel.',NULL),(261,'Polen de tejo','Alergia al polen del árbol de tejo.',NULL),(262,'Polen de avellano','Alergia al polen del árbol de avellano.',NULL),(263,'Polen de avión','Alergia al polen del árbol de avión.',NULL),(264,'Polen de arce','Alergia al polen del árbol de arce.',NULL),(265,'Polen de morera','Alergia al polen del árbol de morera.',NULL),(266,'Polen de cedro','Alergia al polen del árbol de cedro.',NULL),(267,'Polen de abeto','Alergia al polen del árbol de abeto.',NULL),(268,'Polen de chopo','Alergia al polen del árbol de chopo.',NULL),(269,'Polen de espino','Alergia al polen del árbol de espino.',NULL),(270,'Polen de nogal','Alergia al polen del árbol de nogal.',NULL),(271,'Polen de sicomoro','Alergia al polen del árbol de sicomoro.',NULL),(272,'Polen de cedro','Alergia al polen del árbol de cedro.',NULL),(273,'Polen de ciprés','Alergia al polen del árbol de ciprés.',NULL),(274,'Polen de sauce','Alergia al polen del árbol de sauce.',NULL),(275,'Polen de aliso','Alergia al polen del árbol de aliso.',NULL),(276,'Polen de roble','Alergia al polen del árbol de roble.',NULL),(277,'Polen de nogal','Alergia al polen del árbol de nogal.',NULL),(278,'Polen de olivo','Alergia al polen del árbol de olivo.',NULL),(279,'Polen de aguacate','Alergia al polen del árbol de aguacate.',NULL),(280,'Polen de mango','Alergia al polen del árbol de mango.',NULL),(281,'Polen de papaya','Alergia al polen del árbol de papaya.',NULL),(282,'Polen de kiwi','Alergia al polen del árbol de kiwi.',NULL),(283,'Polen de piña','Alergia al polen del árbol de piña.',NULL),(284,'Polen de coco','Alergia al polen del árbol de coco.',NULL),(285,'Polen de guayaba','Alergia al polen del árbol de guayaba.',NULL),(286,'Polen de durazno','Alergia al polen del árbol de durazno.',NULL),(287,'Polen de pistacho','Alergia al polen del árbol de pistacho.',NULL),(288,'Polen de almendro','Alergia al polen del árbol de almendro.',NULL),(289,'Polen de avellano','Alergia al polen del árbol de avellano.',NULL),(290,'Polen de albaricoque','Alergia al polen del árbol de albaricoque.',NULL),(291,'Polen de ciruela','Alergia al polen del árbol de ciruela.',NULL),(292,'Polen de ciruela pasa','Alergia al polen del árbol de ciruela pasa.',NULL),(293,'Polen de ciruela umeboshi','Alergia al polen del árbol de ciruela umeboshi.',NULL),(294,'Polen de ciruela santa rosa','Alergia al polen del árbol de ciruela santa rosa.',NULL),(295,'Polen de ciruela claudia','Alergia al polen del árbol de ciruela claudia.',NULL),(296,'Polen de ciruela mirabel','Alergia al polen del árbol de ciruela mirabel.',NULL),(297,'Polen de ciruela roja','Alergia al polen del árbol de ciruela roja.',NULL),(298,'Polen de ciruela amarilla','Alergia al polen del árbol de ciruela amarilla.',NULL),(299,'Polen de ciruela verde','Alergia al polen del árbol de ciruela verde.',NULL),(300,'Polen de ciruela negra','Alergia al polen del árbol de ciruela negra.',NULL),(301,'Polen de ciruela azul','Alergia al polen del árbol de ciruela azul.',NULL),(302,'Perfumes','Alergia a los perfumes y sus componentes.',NULL),(303,'Colonias','Alergia a las colonias y sus componentes.',NULL),(304,'Desodorantes','Alergia a los desodorantes y sus componentes.',NULL),(305,'Cremas','Alergia a las cremas y sus componentes.',NULL),(306,'Maquillaje','Alergia al maquillaje y sus componentes.',NULL),(307,'Pintalabios','Alergia a los pintalabios y sus componentes.',NULL),(308,'Pintauñas','Alergia a los pintauñas y sus componentes.',NULL),(309,'Lacas de uñas','Alergia a las lacas de uñas y sus componentes.',NULL),(310,'Tintes para el cabello','Alergia a los tintes para el cabello y sus componentes.',NULL),(311,'Champús','Alergia a los champús y sus componentes.',NULL),(312,'Acondicionadores','Alergia a los acondicionadores y sus componentes.',NULL),(313,'Gominas','Alergia a las gominas y sus componentes.',NULL),(314,'Geles','Alergia a los geles y sus componentes.',NULL),(315,'Jabones','Alergia a los jabones y sus componentes.',NULL),(316,'Detergentes','Alergia a los detergentes y sus componentes.',NULL),(317,'Suavizantes','Alergia a los suavizantes y sus componentes.',NULL),(318,'Lejías','Alergia a las lejías y sus componentes.',NULL),(319,'Desinfectantes','Alergia a los desinfectantes y sus componentes.',NULL),(320,'Desengrasantes','Alergia a los desengrasantes y sus componentes.',NULL),(321,'Desincrustantes','Alergia a los desincrustantes y sus componentes.',NULL),(322,'Desatascadores','Alergia a los desatascadores y sus componentes.',NULL),(323,'Desodorantes de ambiente','Alergia a los desodorantes de ambiente y sus componentes.',NULL),(324,'Insecticidas','Alergia a los insecticidas y sus componentes.',NULL),(325,'Repelentes de insectos','Alergia a los repelentes de insectos y sus componentes.',NULL),(326,'Fungicidas','Alergia a los fungicidas y sus componentes.',NULL),(327,'Herbicidas','Alergia a los herbicidas y sus componentes.',NULL),(328,'Pesticidas','Alergia a los pesticidas y sus componentes.',NULL),(329,'Plaguicidas','Alergia a los plaguicidas y sus componentes.',NULL),(330,'Rodenticidas','Alergia a los rodenticidas y sus componentes.',NULL),(331,'Bactericidas','Alergia a los bactericidas y sus componentes.',NULL),(332,'Viricidas','Alergia a los viricidas y sus componentes.',NULL),(333,'Fungicidas','Alergia a los fungicidas y sus componentes.',NULL),(334,'Desinfectantes','Alergia a los desinfectantes y sus componentes.',NULL),(335,'Desinsectantes','Alergia a los desinsectantes y sus componentes.',NULL),(336,'Desodorantes de ambiente','Alergia a los desodorantes de ambiente y sus componentes.',NULL),(337,'Desinfectantes de superficies','Alergia a los desinfectantes de superficies y sus componentes.',NULL),(338,'Desinfectantes de manos','Alergia a los desinfectantes de manos y sus componentes.',NULL),(339,'Desinfectantes de heridas','Alergia a los desinfectantes de heridas y sus componentes.',NULL),(340,'Desinfectantes de instrumental','Alergia a los desinfectantes de instrumental y sus componentes.',NULL),(341,'Desinfectantes de prótesis','Alergia a los desinfectantes de prótesis y sus componentes.',NULL),(342,'Desinfectantes de material quirúrgico','Alergia a los desinfectantes de material quirúrgico y sus componentes.',NULL),(343,'Monóxido de carbono','Alergia al monóxido de carbono y sus componentes.',NULL),(344,'Dióxido de carbono','Alergia al dióxido de carbono y sus componentes.',NULL),(345,'Dióxido de nitrógeno','Alergia al dióxido de nitrógeno y sus componentes.',NULL),(346,'Dióxido de azufre','Alergia al dióxido de azufre y sus componentes.',NULL),(347,'Dióxido de cloro','Alergia al dióxido de cloro y sus componentes.',NULL),(348,'Dióxido de silicio','Alergia al dióxido de silicio y sus componentes.',NULL),(349,'Dióxido de titanio','Alergia al dióxido de titanio y sus componentes.',NULL),(350,'Dióxido de aluminio','Alergia al dióxido de aluminio y sus componentes.',NULL),(351,'Dióxido de hierro','Alergia al dióxido de hierro y sus componentes.',NULL),(352,'Dióxido de plomo','Alergia al dióxido de plomo y sus componentes.',NULL),(353,'Dióxido de cromo','Alergia al dióxido de cromo y sus componentes.',NULL),(354,'Dióxido de estaño','Alergia al dióxido de estaño y sus componentes.',NULL),(355,'Dióxido de cobre','Alergia al dióxido de cobre y sus componentes.',NULL),(356,'Dióxido de zinc','Alergia al dióxido de zinc y sus componentes.',NULL),(357,'Dióxido de níquel','Alergia al dióxido de níquel y sus componentes.',NULL),(358,'Dióxido de mercurio','Alergia al dióxido de mercurio y sus componentes.',NULL),(359,'Dióxido de cromo','Alergia al dióxido de cromo y sus componentes.',NULL),(360,'Alérgenos de ácaros','Alergia a los ácaros y sus componentes.',NULL),(361,'Alérgenos de hongos','Alergia a los hongos y sus componentes.',NULL),(362,'Alérgenos de polillas','Alergia a las polillas y sus componentes.',NULL),(363,'Alérgenos de cucarachas','Alergia a las cucarachas y sus componentes.',NULL),(364,'Alérgenos de mosquitos','Alergia a los mosquitos y sus componentes.',NULL),(365,'Alérgenos de avispas','Alergia a las avispas y sus componentes.',NULL),(366,'Alérgenos de abejas','Alergia a las abejas y sus componentes.',NULL),(367,'Alérgenos de hormigas','Alergia a las hormigas y sus componentes.',NULL),(368,'Alérgenos de pulgas','Alergia a las pulgas y sus componentes.',NULL),(369,'Alérgenos de garrapatas','Alergia a las garrapatas y sus componentes.',NULL),(370,'Alérgenos de piojos','Alergia a los piojos y sus componentes.',NULL),(371,'Alérgenos de chinches','Alergia a las chinches y sus componentes.',NULL);
/*!40000 ALTER TABLE `alergia` ENABLE KEYS */;
UNLOCK TABLES;

--
-- Table structure for table `cita`
--

DROP TABLE IF EXISTS `cita`;
/*!40101 SET @saved_cs_client     = @@character_set_client */;
/*!50503 SET character_set_client = utf8mb4 */;
CREATE TABLE `cita` (
  `id` int NOT NULL AUTO_INCREMENT,
  `id_paciente` int DEFAULT NULL,
  `id_doctor` int DEFAULT NULL,
  `hora` time DEFAULT NULL,
  `fecha` date DEFAULT NULL,
  `estado` char(1) DEFAULT NULL,
  PRIMARY KEY (`id`),
  KEY `id_paciente` (`id_paciente`),
  KEY `id_doctor` (`id_doctor`),
  CONSTRAINT `cita_ibfk_1` FOREIGN KEY (`id_paciente`) REFERENCES `paciente` (`id`),
  CONSTRAINT `cita_ibfk_2` FOREIGN KEY (`id_doctor`) REFERENCES `doctor` (`id`)
) ENGINE=InnoDB AUTO_INCREMENT=501 DEFAULT CHARSET=utf8mb4 COLLATE=utf8mb4_0900_ai_ci;
/*!40101 SET character_set_client = @saved_cs_client */;

--
-- Dumping data for table `cita`
--

LOCK TABLES `cita` WRITE;
/*!40000 ALTER TABLE `cita` DISABLE KEYS */;
INSERT INTO `cita` VALUES (1,89,12,'21:41:40','1975-01-24','C'),(2,22,78,'03:51:05','2000-07-22','P'),(3,65,34,'02:07:56','1985-10-09','C'),(4,315,21,'04:23:26','2004-01-11','C'),(5,69,36,'02:58:21','1977-10-23','C'),(6,289,25,'10:18:05','2011-08-08','C'),(7,7,50,'15:39:56','1980-04-11','P'),(8,24,60,'01:49:47','1974-06-10','P'),(9,26,64,'19:37:07','1997-10-22','C'),(10,299,25,'04:00:57','2005-01-20','C'),(11,291,14,'04:36:34','1975-09-21','C'),(12,221,23,'21:42:31','2001-08-07','P'),(13,175,52,'01:01:05','1974-09-25','P'),(14,128,21,'22:04:59','2008-09-26','C'),(15,113,47,'23:20:50','2016-11-26','P'),(16,87,23,'14:20:52','1974-10-22','P'),(17,104,68,'14:06:35','1994-10-08','P'),(18,203,16,'21:11:16','1979-04-23','P'),(19,179,4,'15:59:30','2013-05-11','P'),(20,246,50,'16:08:14','1975-01-14','P'),(21,363,51,'18:17:13','2003-07-22','C'),(22,54,80,'14:52:33','1979-06-19','P'),(23,366,34,'21:00:58','2011-07-27','P'),(24,303,63,'00:40:08','2017-06-16','C'),(25,140,61,'16:00:33','1974-12-23','P'),(26,6,78,'08:28:37','1975-05-25','C'),(27,204,48,'01:12:18','1993-01-15','P'),(28,31,30,'18:35:08','1982-07-25','C'),(29,203,58,'18:46:37','2013-02-17','C'),(30,367,75,'21:30:33','1978-05-16','C'),(31,189,80,'12:09:31','2024-02-15','C'),(32,57,66,'15:27:33','1998-03-30','P'),(33,10,51,'01:13:24','1970-01-15','P'),(34,286,79,'02:04:10','2001-12-16','C'),(35,386,63,'15:05:15','2006-04-25','C'),(36,128,6,'04:34:43','2020-02-11','P'),(37,322,39,'17:22:52','2000-07-29','P'),(38,104,36,'01:53:54','1981-09-04','P'),(39,201,17,'05:34:28','1990-09-22','C'),(40,127,12,'21:48:06','2013-07-01','C'),(41,60,59,'00:51:09','1994-04-10','C'),(42,356,39,'22:44:57','2015-10-24','P'),(43,145,57,'17:25:03','1993-01-21','P'),(44,252,25,'08:11:21','1979-02-20','P'),(45,146,44,'21:16:48','1998-02-13','C'),(46,179,10,'08:13:32','1972-04-15','P'),(47,349,23,'13:41:40','1978-08-09','C'),(48,212,59,'18:56:25','1992-05-19','C'),(49,299,11,'23:46:14','2019-11-01','C'),(50,90,21,'02:29:37','2020-08-22','C'),(51,56,60,'04:10:48','1974-06-02','P'),(52,133,74,'06:34:21','2019-07-17','C'),(53,265,13,'04:06:17','1971-10-31','P'),(54,30,8,'16:04:40','2013-03-24','C'),(55,333,69,'15:39:36','1975-01-26','C'),(56,20,6,'03:01:47','2002-05-17','C'),(57,51,53,'20:18:55','1993-05-19','C'),(58,61,22,'04:09:56','1995-10-28','C'),(59,83,2,'17:45:43','1976-05-29','P'),(60,124,9,'17:38:45','1986-12-05','P'),(61,249,11,'07:42:18','2007-07-05','P'),(62,103,60,'02:12:24','1986-08-08','P'),(63,313,67,'13:47:47','1973-01-07','C'),(64,71,7,'18:41:37','1975-02-06','C'),(65,270,2,'12:52:09','2019-09-25','C'),(66,289,1,'02:29:19','2014-10-26','P'),(67,202,24,'07:53:33','2022-08-26','P'),(68,301,21,'07:36:17','2011-04-03','C'),(69,367,9,'11:27:57','1996-08-18','C'),(70,299,15,'05:34:08','1992-10-20','P'),(71,284,2,'18:50:58','1991-05-09','P'),(72,92,26,'15:32:08','2022-06-08','C'),(73,208,76,'16:53:31','1987-10-12','P'),(74,278,64,'01:31:31','2016-11-21','P'),(75,181,63,'15:27:59','1971-12-30','P'),(76,279,63,'08:16:00','1977-04-10','C'),(77,3,62,'09:30:56','2006-08-27','P'),(78,225,56,'05:32:55','2004-01-19','P'),(79,271,45,'04:58:37','1992-07-01','C'),(80,314,51,'17:35:33','2000-01-27','P'),(81,382,11,'19:49:25','1998-05-27','C'),(82,247,33,'16:38:33','2001-08-27','C'),(83,384,42,'02:43:19','2013-08-10','P'),(84,220,75,'15:53:43','2012-11-02','C'),(85,326,78,'18:56:27','1988-06-13','C'),(86,358,78,'10:08:33','1986-03-07','C'),(87,204,47,'07:22:50','2011-03-21','P'),(88,185,66,'19:19:54','2001-10-31','C'),(89,395,4,'06:19:36','1996-11-13','P'),(90,132,62,'21:28:58','2021-05-30','P'),(91,17,69,'00:54:57','1971-03-15','C'),(92,184,46,'10:13:43','1972-12-02','C'),(93,165,42,'10:38:04','1995-10-25','P'),(94,155,4,'19:54:58','1972-10-22','P'),(95,397,10,'02:44:09','2005-05-18','C'),(96,6,38,'23:35:28','2014-07-03','C'),(97,157,11,'23:38:36','2005-02-15','P'),(98,177,13,'21:38:09','1990-01-02','P'),(99,223,52,'11:47:11','2017-05-30','C'),(100,349,78,'16:30:10','2014-09-10','P'),(101,167,42,'15:03:43','2008-07-31','P'),(102,368,40,'17:14:34','2012-02-10','C'),(103,271,70,'00:43:41','1999-02-05','P'),(104,231,43,'06:10:27','1980-05-30','C'),(105,128,8,'15:17:23','2003-05-23','P'),(106,105,62,'07:03:26','1996-10-01','C'),(107,209,27,'04:54:49','1983-05-03','P'),(108,276,68,'15:08:59','2022-08-03','C'),(109,149,49,'20:45:53','2017-11-08','P'),(110,168,80,'20:27:37','2018-10-19','P'),(111,110,51,'09:10:05','2013-10-18','P'),(112,108,25,'22:03:59','1984-08-18','C'),(113,335,55,'03:10:57','1979-03-10','C'),(114,90,43,'08:18:43','2008-10-29','P'),(115,225,57,'04:56:00','2019-09-09','P'),(116,89,61,'23:30:39','2014-03-01','P'),(117,139,72,'11:46:49','1993-11-10','P'),(118,37,61,'06:24:41','1982-07-04','C'),(119,163,28,'08:13:24','2001-11-28','P'),(120,71,33,'21:06:19','2021-10-28','P'),(121,284,10,'07:58:31','2012-08-12','P'),(122,387,39,'13:37:39','1993-07-17','C'),(123,356,67,'07:28:51','2004-06-04','C'),(124,364,79,'10:12:47','1979-08-24','P'),(125,158,50,'09:25:45','1982-05-10','C'),(126,19,55,'18:30:55','1974-07-07','C'),(127,93,12,'09:33:54','2010-10-17','C'),(128,328,3,'04:53:09','1985-10-30','P'),(129,6,38,'06:51:26','2019-07-14','C'),(130,237,65,'11:29:29','2014-01-15','P'),(131,220,23,'17:06:00','1994-04-16','C'),(132,188,35,'21:27:18','1994-09-05','C'),(133,269,39,'10:11:11','1984-11-04','P'),(134,267,31,'08:32:49','2022-06-13','C'),(135,45,34,'04:11:55','1983-01-27','P'),(136,32,12,'21:27:14','1970-04-18','C'),(137,309,32,'09:08:25','1987-02-20','C'),(138,397,63,'11:18:43','2023-04-05','C'),(139,222,37,'07:34:22','1987-03-04','C'),(140,113,29,'20:22:06','1983-05-09','C'),(141,353,19,'23:46:36','1989-10-02','C'),(142,380,65,'16:24:25','1981-04-07','P'),(143,58,3,'17:34:56','1981-06-02','C'),(144,266,37,'04:45:33','2006-02-02','C'),(145,245,79,'04:29:47','1986-04-29','C'),(146,63,38,'10:17:39','1999-06-19','P'),(147,76,30,'01:34:27','1979-02-13','P'),(148,304,27,'09:45:37','2002-12-29','C'),(149,303,28,'05:22:03','1970-07-24','C'),(150,155,20,'03:48:36','2022-11-10','P'),(151,18,24,'09:33:23','1993-09-09','P'),(152,283,76,'10:13:15','1973-08-06','P'),(153,168,17,'07:47:35','2017-04-21','C'),(154,171,80,'08:34:00','2023-04-01','P'),(155,221,27,'12:53:26','1979-09-22','P'),(156,96,35,'09:01:16','1997-04-11','C'),(157,146,57,'12:21:08','2004-03-06','C'),(158,291,54,'08:47:33','2011-12-27','P'),(159,229,24,'20:27:32','1973-02-08','C'),(160,51,62,'22:08:39','2011-05-27','C'),(161,381,11,'20:10:49','1991-08-05','P'),(162,294,1,'03:20:19','2009-05-11','C'),(163,248,62,'05:17:56','1973-06-02','C'),(164,388,74,'12:57:32','1995-01-25','P'),(165,81,60,'17:25:35','1991-01-20','C'),(166,8,51,'02:24:51','2010-02-15','P'),(167,119,23,'11:00:49','2016-05-06','P'),(168,143,36,'03:59:32','2021-09-26','P'),(169,119,24,'16:48:40','1980-06-11','P'),(170,98,20,'16:26:58','1994-02-08','C'),(171,322,72,'17:31:06','2018-05-11','P'),(172,378,11,'13:19:18','1976-05-30','P'),(173,148,29,'22:58:14','2000-05-25','P'),(174,388,35,'22:28:02','1995-12-29','P'),(175,27,69,'19:31:57','2013-03-19','C'),(176,10,63,'08:52:00','1977-05-28','P'),(177,150,50,'20:11:03','1974-01-12','C'),(178,35,35,'02:12:07','1979-03-29','P'),(179,367,13,'08:32:49','2007-12-12','P'),(180,280,45,'15:17:46','1990-05-11','P'),(181,316,12,'16:50:40','1974-10-23','C'),(182,284,4,'03:15:38','2004-09-20','P'),(183,310,64,'21:53:01','1993-08-04','C'),(184,277,31,'16:16:58','1983-02-26','P'),(185,60,62,'10:29:34','2007-01-12','C'),(186,197,53,'12:51:15','2020-11-17','C'),(187,135,64,'09:27:05','1990-08-22','C'),(188,75,19,'09:16:24','1988-02-09','C'),(189,272,4,'23:57:11','1987-09-15','P'),(190,277,72,'22:05:54','2012-12-10','C'),(191,278,21,'13:35:54','1981-10-04','C'),(192,64,74,'07:10:19','1971-05-21','P'),(193,30,51,'19:55:32','2009-01-31','C'),(194,216,64,'03:45:41','2004-09-30','C'),(195,107,24,'21:17:12','2003-07-18','C'),(196,324,70,'12:55:55','2003-10-19','C'),(197,385,12,'02:43:16','2001-05-06','P'),(198,24,38,'17:14:45','2015-04-22','P'),(199,62,1,'12:49:18','1979-08-26','C'),(200,20,53,'10:31:41','2006-08-08','P'),(201,67,6,'18:03:11','2013-07-02','P'),(202,25,35,'02:08:25','2006-07-07','C'),(203,184,64,'10:39:59','1980-03-06','P'),(204,110,68,'13:20:44','1993-06-29','P'),(205,9,9,'18:34:56','2017-12-03','C'),(206,273,44,'23:03:02','2021-02-10','P'),(207,95,4,'20:33:19','1983-06-01','C'),(208,120,23,'00:00:13','2006-01-03','C'),(209,193,78,'04:33:24','2015-08-29','P'),(210,85,32,'08:01:00','2021-10-15','C'),(211,171,59,'21:51:15','1979-09-15','P'),(212,109,48,'00:02:37','1999-10-24','C'),(213,386,62,'12:30:06','2005-06-24','C'),(214,172,70,'08:20:02','2003-02-21','C'),(215,399,25,'23:08:29','2011-09-30','C'),(216,44,76,'09:40:30','2006-09-22','P'),(217,117,59,'18:13:36','1998-06-16','P'),(218,331,8,'13:19:00','2004-11-08','P'),(219,267,8,'02:22:44','2007-02-17','C'),(220,158,58,'17:51:36','2002-04-24','C'),(221,285,16,'09:15:54','2005-07-11','C'),(222,228,13,'06:40:28','1986-04-11','P'),(223,380,65,'00:18:06','1976-09-13','P'),(224,397,56,'22:06:13','1978-12-09','P'),(225,364,76,'11:55:51','2010-04-29','C'),(226,60,60,'07:47:35','1998-12-29','C'),(227,50,78,'07:41:00','2020-11-10','P'),(228,348,57,'18:35:52','1979-10-20','P'),(229,331,43,'23:24:50','2020-01-08','P'),(230,320,39,'21:40:04','2013-01-09','P'),(231,382,14,'09:33:10','2022-01-05','C'),(232,362,55,'02:33:29','1988-12-01','C'),(233,100,70,'11:52:42','2014-11-16','P'),(234,165,19,'23:09:32','1986-06-19','P'),(235,268,79,'09:53:50','1990-10-02','P'),(236,13,78,'06:28:30','1988-11-06','P'),(237,94,48,'09:12:53','1979-12-24','C'),(238,32,37,'11:33:06','2021-12-30','C'),(239,52,77,'21:54:42','1985-02-12','P'),(240,68,76,'19:54:50','2015-10-09','C'),(241,322,80,'03:40:26','2005-04-17','C'),(242,145,76,'05:00:44','1995-10-25','P'),(243,211,55,'12:50:47','1986-09-28','P'),(244,176,67,'02:20:42','1975-06-19','P'),(245,75,17,'09:21:51','2006-03-02','P'),(246,75,35,'20:53:40','2016-09-20','P'),(247,43,70,'21:07:32','2002-01-21','P'),(248,51,30,'07:01:50','1997-01-11','P'),(249,326,55,'01:35:51','1973-08-06','C'),(250,304,53,'00:57:53','2000-03-23','C'),(251,352,37,'17:15:20','1976-03-25','C'),(252,32,26,'21:53:59','2019-08-27','C'),(253,293,16,'21:54:56','2010-06-02','P'),(254,137,19,'12:34:47','2007-03-28','C'),(255,357,38,'21:10:59','1985-03-08','P'),(256,120,5,'23:34:01','1982-07-05','C'),(257,281,41,'14:30:58','2008-04-11','C'),(258,203,26,'15:48:38','1981-07-03','C'),(259,72,36,'06:38:20','1989-09-26','C'),(260,397,55,'04:25:55','1988-08-18','C'),(261,219,12,'20:31:10','1999-07-22','P'),(262,274,76,'20:31:27','2006-09-19','C'),(263,31,68,'10:57:24','1977-10-08','C'),(264,175,28,'10:45:40','2018-06-03','P'),(265,164,53,'22:54:36','2014-07-27','P'),(266,132,43,'18:40:57','1971-04-17','C'),(267,79,34,'03:43:53','1974-05-26','P'),(268,312,21,'18:56:29','1995-08-30','C'),(269,293,47,'14:03:19','1977-01-01','P'),(270,255,11,'17:07:28','1999-08-25','P'),(271,85,34,'20:29:29','1989-12-05','P'),(272,96,68,'05:58:31','2010-08-12','C'),(273,262,19,'16:25:14','2007-05-27','P'),(274,339,68,'20:11:19','2008-03-30','P'),(275,258,12,'14:03:46','1971-01-15','C'),(276,114,70,'13:37:32','2001-12-13','C'),(277,350,8,'13:55:26','1983-07-14','C'),(278,84,49,'16:49:20','1981-05-11','P'),(279,8,66,'17:27:27','2004-07-31','C'),(280,190,40,'08:30:10','2011-01-28','C'),(281,305,63,'00:36:03','1998-08-17','P'),(282,332,5,'14:59:01','1995-01-27','P'),(283,317,11,'08:31:35','1978-03-01','P'),(284,193,44,'07:01:34','1994-03-20','P'),(285,34,66,'09:30:49','1970-12-29','C'),(286,295,21,'09:08:55','1974-11-09','C'),(287,194,21,'20:19:57','2016-12-11','C'),(288,307,73,'05:30:34','1985-06-28','C'),(289,315,51,'07:46:49','2023-04-16','P'),(290,223,5,'16:12:46','2000-04-26','P'),(291,207,63,'11:52:46','1991-04-13','P'),(292,246,50,'23:28:41','1991-11-02','C'),(293,8,4,'19:15:59','1970-11-17','C'),(294,59,28,'19:35:46','1974-08-02','C'),(295,144,64,'22:15:24','2003-05-08','C'),(296,99,57,'07:50:27','2019-05-18','C'),(297,251,35,'02:35:47','1975-03-03','C'),(298,47,11,'04:41:16','2012-11-02','C'),(299,341,31,'06:15:26','2010-09-30','C'),(300,37,16,'20:36:50','1971-04-12','C'),(301,99,55,'23:34:15','1994-08-04','C'),(302,231,75,'13:51:39','2024-01-11','P'),(303,360,59,'15:08:30','1988-10-05','C'),(304,369,69,'11:17:23','1980-07-04','C'),(305,226,24,'10:10:17','1982-09-01','C'),(306,32,72,'11:03:29','1997-01-19','P'),(307,366,9,'11:49:56','1999-10-08','P'),(308,82,23,'05:43:28','2021-01-27','C'),(309,375,55,'02:04:40','2015-05-02','P'),(310,336,3,'20:48:54','1981-06-28','P'),(311,23,46,'19:23:28','1984-02-20','P'),(312,113,44,'02:28:53','2010-07-15','C'),(313,286,28,'11:23:30','2000-03-16','C'),(314,56,23,'09:24:11','1983-08-09','P'),(315,149,20,'21:33:34','1999-07-06','P'),(316,367,31,'02:46:07','1998-09-11','P'),(317,392,51,'15:28:09','1986-12-04','C'),(318,283,33,'08:48:08','2023-05-13','P'),(319,172,63,'09:30:22','1979-02-28','C'),(320,269,66,'08:38:12','1985-04-22','P'),(321,316,77,'17:20:42','1983-06-24','C'),(322,240,79,'12:46:42','1997-02-01','P'),(323,144,56,'12:59:46','1970-10-11','P'),(324,85,70,'16:44:12','2015-06-15','P'),(325,240,57,'20:26:30','1989-11-01','P'),(326,259,16,'11:13:42','2017-01-17','C'),(327,35,34,'14:01:08','1993-02-17','P'),(328,164,27,'10:33:26','1983-05-24','C'),(329,229,61,'09:13:57','1970-09-21','P'),(330,238,35,'01:00:12','2006-08-03','P'),(331,311,62,'06:32:44','1977-03-11','P'),(332,320,22,'01:56:32','2012-12-27','P'),(333,178,25,'10:21:05','1997-10-31','P'),(334,30,46,'00:11:08','2020-10-05','P'),(335,380,73,'17:01:33','2008-02-03','C'),(336,26,26,'14:23:10','1970-04-23','P'),(337,325,21,'10:40:10','1976-05-16','P'),(338,290,62,'11:17:39','1983-12-02','C'),(339,1,40,'13:29:56','2015-05-03','P'),(340,166,75,'06:03:22','1992-08-29','P'),(341,286,74,'08:24:57','1991-08-03','C'),(342,92,1,'16:00:50','1994-04-19','P'),(343,376,35,'20:34:18','2020-12-09','P'),(344,390,35,'17:21:11','2004-11-23','P'),(345,114,73,'01:45:06','1973-03-25','P'),(346,114,77,'04:44:31','1988-09-26','C'),(347,69,24,'14:09:25','1996-03-02','C'),(348,330,24,'01:15:58','2017-12-03','P'),(349,291,16,'11:54:24','2006-10-04','C'),(350,400,43,'11:03:46','2003-03-24','C'),(351,309,43,'16:58:02','1978-02-15','C'),(352,71,78,'08:44:08','2017-12-05','C'),(353,26,18,'17:03:51','1996-11-26','C'),(354,322,4,'18:50:18','1993-10-26','P'),(355,302,36,'17:45:37','2022-02-08','C'),(356,150,47,'05:05:58','1987-05-21','C'),(357,181,23,'09:30:57','1977-11-30','C'),(358,125,28,'21:45:44','2005-11-11','P'),(359,308,62,'23:39:57','1972-12-20','C'),(360,399,5,'00:28:15','2022-02-27','C'),(361,344,12,'08:47:56','2004-11-13','P'),(362,235,52,'17:50:43','2007-05-07','C'),(363,84,56,'02:58:01','1974-09-07','P'),(364,156,76,'19:45:09','1991-08-17','C'),(365,206,28,'08:55:29','1972-11-26','P'),(366,284,75,'13:00:52','1984-08-18','C'),(367,239,71,'23:26:25','1981-12-12','C'),(368,35,71,'16:39:21','2012-11-24','P'),(369,306,19,'21:41:12','2004-01-12','C'),(370,245,47,'04:01:07','1981-09-21','P'),(371,95,4,'04:59:10','1996-04-02','P'),(372,79,78,'23:41:54','2001-07-07','C'),(373,350,68,'12:32:54','1994-09-01','P'),(374,254,23,'14:16:35','1985-11-03','P'),(375,317,45,'00:13:49','2014-10-29','C'),(376,128,79,'07:29:10','1996-03-25','C'),(377,200,70,'00:59:42','2008-02-07','P'),(378,299,11,'02:01:59','2022-02-07','C'),(379,119,30,'06:33:02','1974-07-23','C'),(380,159,25,'07:05:49','1980-05-12','P'),(381,324,16,'10:32:26','2015-02-05','P'),(382,393,1,'22:05:32','1998-08-09','C'),(383,393,65,'03:24:57','1991-10-08','C'),(384,145,46,'22:34:54','1995-07-02','C'),(385,31,3,'15:34:56','2020-04-12','C'),(386,225,27,'17:31:28','2008-06-11','C'),(387,344,67,'02:58:45','1974-03-15','P'),(388,295,66,'07:07:12','2001-07-16','C'),(389,83,8,'09:10:59','2010-09-15','C'),(390,298,4,'09:48:39','1971-05-24','P'),(391,313,43,'18:26:18','1991-01-17','C'),(392,39,78,'23:59:13','1981-11-04','P'),(393,337,58,'01:33:37','2013-01-17','P'),(394,49,5,'05:05:33','1990-12-30','P'),(395,195,62,'13:09:16','1983-11-07','C'),(396,393,64,'06:49:16','1995-03-15','P'),(397,317,76,'08:25:20','2014-06-10','P'),(398,110,15,'12:47:43','1979-11-17','P'),(399,360,68,'10:10:44','1975-05-22','C'),(400,227,24,'22:00:48','2022-09-10','C'),(401,184,34,'18:03:32','2012-01-26','P'),(402,307,40,'00:04:26','1999-11-19','C'),(403,28,70,'22:18:25','2020-03-09','C'),(404,321,67,'11:48:19','1977-09-05','C'),(405,314,80,'09:45:52','1992-10-06','P'),(406,57,23,'16:16:27','1995-02-08','C'),(407,351,8,'09:54:02','1989-03-25','C'),(408,217,1,'19:57:28','2002-12-01','P'),(409,7,5,'07:21:27','2022-08-19','C'),(410,227,57,'14:27:19','1983-03-13','P'),(411,291,33,'00:46:15','2023-11-03','P'),(412,291,52,'23:17:39','2021-11-30','C'),(413,376,63,'07:10:48','1984-02-20','P'),(414,43,60,'01:40:47','2012-07-03','P'),(415,192,47,'09:54:41','1997-10-25','P'),(416,269,74,'14:57:03','2012-04-17','P'),(417,132,3,'11:06:13','1971-03-09','P'),(418,93,65,'18:34:35','2009-09-28','C'),(419,344,48,'11:39:55','1995-04-08','C'),(420,286,33,'00:55:50','2012-09-27','C'),(421,145,14,'01:36:00','1977-01-02','P'),(422,142,61,'12:23:57','2010-10-25','C'),(423,283,45,'21:52:48','1989-09-29','C'),(424,367,51,'06:42:42','2009-10-21','P'),(425,176,3,'11:37:05','1992-06-05','P'),(426,343,18,'13:15:17','2010-12-03','C'),(427,185,56,'20:59:52','2003-01-24','C'),(428,251,76,'14:54:35','2001-05-06','C'),(429,105,5,'20:47:32','2002-09-17','C'),(430,290,42,'05:54:20','1993-05-31','P'),(431,314,9,'20:43:58','1983-01-08','C'),(432,104,41,'09:37:30','1978-08-27','P'),(433,393,39,'07:28:34','2009-08-30','P'),(434,379,27,'16:43:10','1999-05-19','C'),(435,187,46,'05:20:45','1982-08-10','P'),(436,287,23,'06:03:25','2004-11-13','C'),(437,129,19,'06:11:10','1990-10-21','C'),(438,359,38,'20:35:03','2014-09-01','P'),(439,13,8,'00:51:04','2022-03-11','P'),(440,272,79,'22:25:15','2021-03-31','P'),(441,300,2,'19:56:30','1978-03-05','C'),(442,184,79,'06:42:25','2013-02-09','P'),(443,309,2,'13:29:01','2021-08-18','P'),(444,50,61,'10:14:02','1999-01-23','P'),(445,248,37,'01:24:50','2005-06-04','C'),(446,344,19,'05:44:55','2011-12-10','P'),(447,287,55,'21:03:42','1980-06-26','P'),(448,261,12,'04:20:45','2004-11-23','P'),(449,40,55,'17:16:39','2008-10-05','C'),(450,318,9,'15:07:48','1997-08-26','P'),(451,113,78,'17:44:43','2023-07-29','P'),(452,280,18,'09:23:46','1974-01-28','C'),(453,117,74,'10:30:51','2004-11-20','C'),(454,59,62,'05:56:16','2005-05-14','C'),(455,396,18,'20:18:56','1973-03-03','P'),(456,279,66,'23:56:48','2015-05-04','P'),(457,227,53,'10:08:26','1972-06-23','C'),(458,166,58,'05:59:48','1973-04-26','P'),(459,260,79,'15:16:52','1999-01-27','P'),(460,40,53,'07:26:01','1985-03-21','C'),(461,8,76,'07:33:02','1984-01-04','P'),(462,222,69,'22:41:33','1983-04-05','C'),(463,112,61,'22:11:37','2017-10-02','C'),(464,351,75,'22:15:40','1990-10-16','C'),(465,136,31,'03:53:37','2012-04-18','C'),(466,71,32,'11:15:13','2003-04-09','C'),(467,167,37,'14:07:36','2003-10-27','C'),(468,67,59,'00:30:22','2006-06-20','P'),(469,289,76,'00:32:31','2013-04-05','P'),(470,50,64,'17:54:54','1988-02-26','C'),(471,96,16,'03:51:34','2001-05-16','P'),(472,199,5,'14:00:56','2012-10-06','C'),(473,261,28,'15:23:41','2016-10-12','P'),(474,13,40,'18:00:24','2010-08-14','P'),(475,287,49,'11:06:17','2012-12-18','C'),(476,54,15,'01:44:16','1976-08-18','C'),(477,142,61,'02:25:47','1970-08-15','P'),(478,302,10,'04:38:47','2005-10-10','P'),(479,146,70,'05:22:55','1977-12-08','C'),(480,31,44,'16:34:48','2016-09-18','C'),(481,223,47,'15:53:25','1992-04-11','P'),(482,207,80,'09:45:58','1989-07-09','P'),(483,171,30,'03:19:43','2005-03-25','C'),(484,12,46,'17:49:54','2000-09-11','P'),(485,286,29,'08:19:40','2022-10-26','C'),(486,143,3,'10:48:44','1976-08-18','C'),(487,221,60,'18:02:58','1994-09-14','P'),(488,222,3,'20:27:10','1982-03-12','P'),(489,202,61,'12:11:47','1990-01-12','P'),(490,266,2,'23:36:42','2005-09-02','C'),(491,262,54,'15:56:39','2008-05-23','P'),(492,194,47,'05:19:11','1977-10-20','P'),(493,152,79,'12:13:33','1998-08-10','P'),(494,338,26,'15:02:26','2004-03-21','P'),(495,366,46,'00:58:55','1981-12-12','C'),(496,369,49,'17:35:05','1997-07-10','P'),(497,217,66,'04:03:34','1998-10-26','C'),(498,315,47,'02:51:57','1991-07-18','P'),(499,280,36,'08:32:30','2004-02-15','P'),(500,300,7,'06:51:14','2002-01-08','C');
/*!40000 ALTER TABLE `cita` ENABLE KEYS */;
UNLOCK TABLES;

--
-- Table structure for table `doctor`
--

DROP TABLE IF EXISTS `doctor`;
/*!40101 SET @saved_cs_client     = @@character_set_client */;
/*!50503 SET character_set_client = utf8mb4 */;
CREATE TABLE `doctor` (
  `id` int NOT NULL AUTO_INCREMENT,
  `id_usuario` int DEFAULT NULL,
  `especialidad` varchar(50) DEFAULT NULL,
  PRIMARY KEY (`id`),
  KEY `id_usuario` (`id_usuario`),
  CONSTRAINT `doctor_ibfk_1` FOREIGN KEY (`id_usuario`) REFERENCES `usuario` (`id`)
) ENGINE=InnoDB AUTO_INCREMENT=81 DEFAULT CHARSET=utf8mb4 COLLATE=utf8mb4_0900_ai_ci;
/*!40101 SET character_set_client = @saved_cs_client */;

--
-- Dumping data for table `doctor`
--

LOCK TABLES `doctor` WRITE;
/*!40000 ALTER TABLE `doctor` DISABLE KEYS */;
INSERT INTO `doctor` VALUES (1,1,'Neurología'),(2,2,'Oncología'),(3,3,'Otorrinolaringología'),(4,4,'Ginecología'),(5,5,'Nefrología'),(6,6,'Psiquiatría'),(7,7,'Hematología'),(8,8,'Otorrinolaringología'),(9,9,'Otorrinolaringología'),(10,10,'Reumatología'),(11,11,'Reumatología'),(12,12,'Infectología'),(13,13,'Reumatología'),(14,14,'Cardiología'),(15,15,'Oncología'),(16,16,'Cirugía plástica'),(17,17,'Reumatología'),(18,18,'Oftalmología'),(19,19,'Cirugía general'),(20,20,'Ginecología'),(21,21,'Neurología'),(22,22,'Urología'),(23,23,'Urología'),(24,24,'Hematología'),(25,25,'Cirugía plástica'),(26,26,'Cirugía plástica'),(27,27,'Psiquiatría'),(28,28,'Traumatología'),(29,29,'Neumología'),(30,30,'Hematología'),(31,31,'Cardiología'),(32,32,'Hematología'),(33,33,'Neumología'),(34,34,'Dermatología'),(35,35,'Hematología'),(36,36,'Dermatología'),(37,37,'Dermatología'),(38,38,'Cirugía plástica'),(39,39,'Hematología'),(40,40,'Geriatría'),(41,41,'Nefrología'),(42,42,'Reumatología'),(43,43,'Cardiología'),(44,44,'Nefrología'),(45,45,'Psiquiatría'),(46,46,'Dermatología'),(47,47,'Oftalmología'),(48,48,'Reumatología'),(49,49,'Pediatría'),(50,50,'Medicina interna'),(51,51,'Infectología'),(52,52,'Cirugía general'),(53,53,'Oncología'),(54,54,'Psiquiatría'),(55,55,'Oftalmología'),(56,56,'Neumología'),(57,57,'Otorrinolaringología'),(58,58,'Oftalmología'),(59,59,'Infectología'),(60,60,'Nefrología'),(61,61,'Oftalmología'),(62,62,'Neumología'),(63,63,'Cardiología'),(64,64,'Psiquiatría'),(65,65,'Reumatología'),(66,66,'Psiquiatría'),(67,67,'Cirugía plástica'),(68,68,'Traumatología'),(69,69,'Reumatología'),(70,70,'Endocrinología'),(71,71,'Neumología'),(72,72,'Neurología'),(73,73,'Neumología'),(74,74,'Geriatría'),(75,75,'Cirugía general'),(76,76,'Urología'),(77,77,'Pediatría'),(78,78,'Reumatología'),(79,79,'Cirugía plástica'),(80,80,'Oncología');
/*!40000 ALTER TABLE `doctor` ENABLE KEYS */;
UNLOCK TABLES;

--
-- Table structure for table `enfermedad`
--

DROP TABLE IF EXISTS `enfermedad`;
/*!40101 SET @saved_cs_client     = @@character_set_client */;
/*!50503 SET character_set_client = utf8mb4 */;
CREATE TABLE `enfermedad` (
  `id` int NOT NULL AUTO_INCREMENT,
  `nombre` varchar(50) DEFAULT NULL,
  `tipo` varchar(50) DEFAULT NULL,
  PRIMARY KEY (`id`)
) ENGINE=InnoDB AUTO_INCREMENT=46 DEFAULT CHARSET=utf8mb4 COLLATE=utf8mb4_0900_ai_ci;
/*!40101 SET character_set_client = @saved_cs_client */;

--
-- Dumping data for table `enfermedad`
--

LOCK TABLES `enfermedad` WRITE;
/*!40000 ALTER TABLE `enfermedad` DISABLE KEYS */;
INSERT INTO `enfermedad` VALUES (1,'Diabetes','Crónica'),(2,'Hipertensión','Crónica'),(3,'Enfermedad Pulmonar','Crónica'),(4,'Artritis','Crónica'),(5,'Enfermedad Cardiocascular','Crónica'),(6,'Cáncer','Crónica'),(7,'Enfermedad Renal','Crónica'),(8,'Alzheimer','Crónica'),(9,'Asma','Crónica'),(10,'Fibrosis Quística','Crónica'),(11,'Enfermedad Gastrointestinal','Crónica'),(12,'Autismo','Crónica'),(13,'Enfermedad Cerebrovascular','Crónica'),(14,'Cardiopatía','Crónica'),(15,'Alergia','Crónica'),(16,'Parkinson','Crónica'),(17,'Esclerosis Múltiple','Crónica'),(18,'Lupus','Crónica'),(19,'Enfermedad de Crohn','Crónica'),(20,'Colitis Ulcerosa','Crónica'),(21,'Hepatitis','Crónica'),(22,'Enfermedad de Huntington','Crónica'),(23,'Enfermedad Pulmonar Obstructiva Crónica (EPOC)','Crónica'),(24,'Enfermedad de Lyme','Crónica'),(25,'Síndrome de Fatiga Crónica','Crónica'),(26,'Gripe','Estacionaria'),(27,'Fiebre','Estacionaria'),(28,'Resfriado','Estacionaria'),(29,'Bronquitis','Estacionaria'),(30,'Sinusitis','Estacionaria'),(31,'Neumonía','Estacionaria'),(32,'Infección','Estacionaria'),(33,'Picaduras de Insectos','Estacionaria'),(34,'Dermatitis','Estacionaria'),(35,'Intoxicaciones','Estacionaria'),(36,'Conjuntivitis','Estacionaria'),(37,'Otitis','Estacionaria'),(38,'Amigdalitis','Estacionaria'),(39,'Gastroenteritis','Estacionaria'),(40,'Urticaria','Estacionaria'),(41,'Laringitis','Estacionaria'),(42,'Farigitis','Estacionaria'),(43,'Varicela','Estacionaria'),(44,'Sarampión','Estacionaria'),(45,'Rubeola','Estacionaria');
/*!40000 ALTER TABLE `enfermedad` ENABLE KEYS */;
UNLOCK TABLES;

--
-- Table structure for table `expediente`
--

DROP TABLE IF EXISTS `expediente`;
/*!40101 SET @saved_cs_client     = @@character_set_client */;
/*!50503 SET character_set_client = utf8mb4 */;
CREATE TABLE `expediente` (
  `id` int NOT NULL AUTO_INCREMENT,
  `fecha` date DEFAULT NULL,
  `descripcion` varchar(255) DEFAULT NULL,
  `id_enfermedad` int DEFAULT NULL,
  `id_paciente` int DEFAULT NULL,
  `id_doctor` int DEFAULT NULL,
  PRIMARY KEY (`id`),
  KEY `id_paciente` (`id_paciente`),
  KEY `id_enfermedad` (`id_enfermedad`),
  KEY `id_doctor` (`id_doctor`),
  CONSTRAINT `expediente_ibfk_1` FOREIGN KEY (`id_paciente`) REFERENCES `paciente` (`id`),
  CONSTRAINT `expediente_ibfk_2` FOREIGN KEY (`id_enfermedad`) REFERENCES `enfermedad` (`id`),
  CONSTRAINT `expediente_ibfk_3` FOREIGN KEY (`id_doctor`) REFERENCES `doctor` (`id`)
) ENGINE=InnoDB AUTO_INCREMENT=501 DEFAULT CHARSET=utf8mb4 COLLATE=utf8mb4_0900_ai_ci;
/*!40101 SET character_set_client = @saved_cs_client */;

--
-- Dumping data for table `expediente`
--

LOCK TABLES `expediente` WRITE;
/*!40000 ALTER TABLE `expediente` DISABLE KEYS */;
INSERT INTO `expediente` VALUES (1,'2022-01-16','Análisis de lípidos para evaluar el perfil lipídico.',31,89,12),(2,'2023-08-06','Examen físico anual para pacientes adultos.',4,22,78),(3,'2022-06-28','Análisis de laboratorio para detectar enfermedades autoinmunes.',39,65,34),(4,'2017-06-03','Ecografía obstétrica para seguimiento del embarazo.',24,315,21),(5,'2016-06-25','Radiografía dental para evaluar la salud bucal.',14,69,36),(6,'2021-01-26','Análisis de laboratorio para detectar enfermedades autoinmunes.',27,289,25),(7,'2014-09-04','Prueba de función hepática para evaluar la salud del hígado.',31,7,50),(8,'2020-04-27','Ecografía renal para evaluación de los riñones.',44,24,60),(9,'2015-01-12','Evaluación de la función cardíaca mediante Holter de 24 horas.',25,26,64),(10,'2018-08-25','Control de glucosa en sangre para pacientes diabéticos.',17,299,25),(11,'2022-05-04','Evaluación de la función inmunológica en pacientes inmunocomprometidos.',43,291,14),(12,'2019-03-24','Prueba de función renal para pacientes con enfermedad renal crónica.',2,221,23),(13,'2020-12-27','Consulta de fisioterapia para rehabilitación de lesiones.',3,175,52),(14,'2016-12-10','Prueba de alergia para identificar posibles desencadenantes.',4,128,21),(15,'2017-07-12','Consulta de psicología para tratar trastornos de ansiedad.',10,113,47),(16,'2019-08-22','Control de peso y talla en niños en crecimiento.',9,87,23),(17,'2020-07-26','Consulta de gastroenterología para pacientes con síntomas digestivos.',34,104,68),(18,'2019-07-26','Ecocardiograma para evaluar la función cardíaca.',1,203,16),(19,'2018-01-02','Consulta de urología para pacientes con problemas del tracto urinario.',15,179,4),(20,'2018-09-22','Evaluación de la función tiroidea mediante análisis de sangre.',34,246,50),(21,'2023-06-02','Consulta de psicología para tratar trastornos de ansiedad.',27,363,51),(22,'2021-11-27','Consulta de psicología para tratar trastornos de ansiedad.',12,54,80),(23,'2020-03-11','Prueba de embarazo para mujeres con retraso menstrual.',31,366,34),(24,'2015-05-03','Control de crecimiento y desarrollo en niños.',38,303,63),(25,'2015-01-07','Consulta de fisioterapia para rehabilitación de lesiones.',16,140,61),(26,'2020-04-23','Consulta de fisioterapia para rehabilitación de lesiones.',15,6,78),(27,'2022-09-13','Evaluación ginecológica para mujeres en edad reproductiva.',43,204,48),(28,'2017-12-18','Evaluación auditiva para detectar problemas de audición.',27,31,30),(29,'2022-10-20','Prueba de función pulmonar para pacientes con enfermedad pulmonar obstructiva crónica.',45,203,58),(30,'2019-01-20','Ecocardiograma para evaluar la función cardíaca.',16,367,75),(31,'2014-08-19','Evaluación de la densidad ósea en pacientes con osteoporosis.',29,189,80),(32,'2023-04-23','Evaluación de la función cardíaca mediante Holter de 24 horas.',40,57,66),(33,'2023-09-29','Evaluación de la función tiroidea mediante análisis de sangre.',35,10,51),(34,'2020-01-04','Consulta de psicología para tratar trastornos de ansiedad.',42,286,79),(35,'2016-05-14','Evaluación del estado nutricional en pacientes hospitalizados.',5,386,63),(36,'2018-08-20','Examen físico anual para pacientes adultos.',22,128,6),(37,'2018-12-23','Evaluación cardiológica completa.',27,322,39),(38,'2015-02-08','Consulta de gastroenterología para pacientes con síntomas digestivos.',33,104,36),(39,'2021-12-25','Consulta de fisioterapia para rehabilitación de lesiones.',11,201,17),(40,'2020-05-17','Ecocardiografía fetal para detección de malformaciones cardíacas.',11,127,12),(41,'2023-11-06','Análisis de sangre para detección de deficiencias nutricionales.',15,60,59),(42,'2015-01-18','Consulta de seguimiento para monitorear la presión arterial.',32,356,39),(43,'2023-10-09','Control de presión intraocular para pacientes con glaucoma.',1,145,57),(44,'2019-06-19','Radiografía de tórax para detección de enfermedades pulmonares.',1,252,25),(45,'2023-04-15','Consulta de fisioterapia para rehabilitación de lesiones.',10,146,44),(46,'2020-05-28','Evaluación de la función renal en pacientes diabéticos.',5,179,10),(47,'2016-09-12','Evaluación del estado nutricional en pacientes hospitalizados.',33,349,23),(48,'2021-12-08','Evaluación oftalmológica para detectar problemas de visión.',39,212,59),(49,'2021-06-12','Evaluación vascular para detectar enfermedades vasculares periféricas.',34,299,11),(50,'2015-11-03','Evaluación ginecológica para mujeres en edad reproductiva.',16,90,21),(51,'2022-11-16','Prueba de embarazo para mujeres con retraso menstrual.',21,56,60),(52,'2022-10-14','Consulta de endocrinología para pacientes con trastornos hormonales.',6,133,74),(53,'2021-06-01','Prueba de alergia para identificar posibles desencadenantes.',44,265,13),(54,'2021-03-01','Evaluación cardiológica completa.',43,30,8),(55,'2014-08-10','Consulta de fisioterapia para rehabilitación de lesiones.',45,333,69),(56,'2023-06-16','Evaluación de la función tiroidea mediante análisis de sangre.',27,20,6),(57,'2021-07-02','Consulta de fisioterapia para rehabilitación de lesiones.',25,51,53),(58,'2015-04-24','Electroencefalograma para detectar actividad cerebral anormal.',34,61,22),(59,'2017-10-27','Ecografía renal para evaluación de los riñones.',27,83,2),(60,'2015-10-17','Prueba de aliento para diagnóstico de infección por Helicobacter pylori.',2,124,9),(61,'2014-06-13','Control de peso y talla en niños en crecimiento.',15,249,11),(62,'2017-08-13','Evaluación ginecológica para mujeres en edad reproductiva.',8,103,60),(63,'2023-04-13','Control de presión arterial en pacientes hipertensos.',4,313,67),(64,'2018-10-17','Ecografía obstétrica para seguimiento del embarazo.',44,71,7),(65,'2016-09-22','Consulta de fisioterapia para rehabilitación de lesiones.',24,270,2),(66,'2022-05-24','Control de crecimiento y desarrollo en niños.',29,289,1),(67,'2015-01-29','Ecocardiograma para evaluar la función cardíaca.',18,202,24),(68,'2022-11-15','Análisis de lípidos para evaluar el perfil lipídico.',34,301,21),(69,'2021-06-21','Evaluación ginecológica para mujeres en edad reproductiva.',2,367,9),(70,'2015-08-22','Ecocardiograma para evaluar la función cardíaca.',8,299,15),(71,'2022-08-20','Radiografía de tórax para detección de enfermedades pulmonares.',32,284,2),(72,'2023-02-20','Prueba de función pulmonar para pacientes con enfermedad pulmonar obstructiva crónica.',19,92,26),(73,'2020-11-01','Consulta de urología para pacientes con problemas del tracto urinario.',23,208,76),(74,'2022-09-10','Ecocardiografía fetal para detección de malformaciones cardíacas.',35,278,64),(75,'2018-12-29','Evaluación neurológica para pacientes con síntomas de migraña.',7,181,63),(76,'2017-06-10','Control de crecimiento y desarrollo en niños.',19,279,63),(77,'2015-10-17','Prueba de esfuerzo para evaluar la condición física.',16,3,62),(78,'2024-03-25','Consulta de nutrición para planificación de dietas saludables.',10,225,56),(79,'2019-07-17','Evaluación de la función cardíaca mediante Holter de 24 horas.',8,271,45),(80,'2017-11-14','Consulta de dermatología para tratar afecciones cutáneas.',17,314,51),(81,'2023-07-18','Prueba de alergia para identificar posibles desencadenantes.',45,382,11),(82,'2023-01-21','Evaluación oftalmológica para detectar problemas de visión.',20,247,33),(83,'2024-05-14','Análisis de sangre para detección de deficiencias nutricionales.',39,384,42),(84,'2015-03-01','Consulta de nutrición para planificación de dietas saludables.',36,220,75),(85,'2015-11-02','Evaluación de la función tiroidea mediante análisis de sangre.',23,326,78),(86,'2023-11-24','Control de presión arterial en pacientes hipertensos.',37,358,78),(87,'2021-05-25','Ecocardiograma para evaluar la función cardíaca.',34,204,47),(88,'2016-05-26','Prueba de función pulmonar para pacientes con enfermedad pulmonar obstructiva crónica.',9,185,66),(89,'2015-09-12','Prueba de función pulmonar para pacientes con enfermedad pulmonar obstructiva crónica.',23,395,4),(90,'2019-03-30','Control de presión arterial en pacientes hipertensos.',6,132,62),(91,'2014-08-05','Radiografía dental para evaluar la salud bucal.',41,17,69),(92,'2023-11-09','Evaluación del estado nutricional en pacientes hospitalizados.',29,184,46),(93,'2022-06-27','Consulta de seguimiento para monitorear la presión arterial.',39,165,42),(94,'2019-09-19','Control de glucosa en sangre para pacientes diabéticos.',7,155,4),(95,'2023-08-29','Control de glucosa posprandial en pacientes diabéticos.',13,397,10),(96,'2024-04-14','Ecocardiograma para evaluar la función cardíaca.',26,6,38),(97,'2016-06-23','Evaluación del estado nutricional en pacientes hospitalizados.',18,157,11),(98,'2020-09-30','Consulta de psicología para tratar trastornos de ansiedad.',13,177,13),(99,'2019-04-26','Examen físico anual para pacientes adultos.',20,223,52),(100,'2017-07-17','Consulta de dermatología para tratar afecciones cutáneas.',40,349,78),(101,'2024-05-10','Consulta de psicología para tratar trastornos de ansiedad.',34,167,42),(102,'2021-03-16','Control de glucosa posprandial en pacientes diabéticos.',33,368,40),(103,'2017-02-04','Evaluación de la función pulmonar en pacientes asmáticos.',33,271,70),(104,'2021-12-15','Radiografía de tórax para detección de enfermedades pulmonares.',11,231,43),(105,'2015-08-03','Electroencefalograma para detectar actividad cerebral anormal.',30,128,8),(106,'2015-05-27','Radiografía de tórax para detección de enfermedades pulmonares.',19,105,62),(107,'2017-02-13','Consulta de urología para pacientes con problemas del tracto urinario.',18,209,27),(108,'2016-09-13','Consulta de endocrinología para pacientes con trastornos hormonales.',19,276,68),(109,'2017-02-20','Consulta de dermatología para tratar afecciones cutáneas.',23,149,49),(110,'2021-10-01','Prueba de aliento para diagnóstico de infección por Helicobacter pylori.',39,168,80),(111,'2020-09-06','Tomografía computarizada de abdomen para evaluar el tracto digestivo.',1,110,51),(112,'2022-02-09','Evaluación de la función cardíaca mediante Holter de 24 horas.',37,108,25),(113,'2020-01-16','Evaluación oftalmológica para detectar problemas de visión.',4,335,55),(114,'2019-12-05','Consulta de oncología para pacientes con cáncer en tratamiento.',31,90,43),(115,'2023-03-04','Evaluación de la función renal en pacientes diabéticos.',40,225,57),(116,'2022-06-03','Evaluación de la función inmunológica en pacientes inmunocomprometidos.',4,89,61),(117,'2015-01-25','Evaluación vascular para detectar enfermedades vasculares periféricas.',32,139,72),(118,'2020-02-14','Evaluación de la función cardíaca mediante Holter de 24 horas.',37,37,61),(119,'2020-09-25','Radiografía de tórax para detección de enfermedades pulmonares.',6,163,28),(120,'2024-02-06','Prueba de esfuerzo para evaluar la condición física.',38,71,33),(121,'2018-03-11','Radiografía de columna para pacientes con dolor lumbar crónico.',27,284,10),(122,'2016-12-05','Consulta de endocrinología para pacientes con trastornos hormonales.',13,387,39),(123,'2017-04-23','Consulta de psicología para tratar trastornos de ansiedad.',10,356,67),(124,'2020-01-10','Prueba de aliento para diagnóstico de infección por Helicobacter pylori.',29,364,79),(125,'2022-07-25','Control de crecimiento y desarrollo en niños.',35,158,50),(126,'2019-10-24','Consulta de seguimiento para monitorear la presión arterial.',4,19,55),(127,'2017-03-12','Evaluación de la densidad ósea en pacientes con osteoporosis.',31,93,12),(128,'2017-02-12','Control de presión intraocular para pacientes con glaucoma.',43,328,3),(129,'2016-02-29','Análisis de lípidos para evaluar el perfil lipídico.',18,6,38),(130,'2021-03-05','Ecocardiografía fetal para detección de malformaciones cardíacas.',39,237,65),(131,'2019-01-10','Consulta de urología para pacientes con problemas del tracto urinario.',28,220,23),(132,'2016-08-13','Evaluación ginecológica para mujeres en edad reproductiva.',29,188,35),(133,'2016-04-17','Electroencefalograma para detectar actividad cerebral anormal.',18,269,39),(134,'2016-09-06','Control de glucosa posprandial en pacientes diabéticos.',38,267,31),(135,'2023-02-10','Electroencefalograma para detectar actividad cerebral anormal.',35,45,34),(136,'2016-09-10','Tomografía computarizada de abdomen para evaluar el tracto digestivo.',18,32,12),(137,'2021-02-27','Análisis de laboratorio para detectar enfermedades autoinmunes.',40,309,32),(138,'2022-03-22','Control de crecimiento y desarrollo en niños.',5,397,63),(139,'2018-06-22','Evaluación vascular para detectar enfermedades vasculares periféricas.',34,222,37),(140,'2016-10-22','Evaluación de la función hepática en pacientes con enfermedad hepática.',38,113,29),(141,'2020-06-29','Análisis de orina para detectar infecciones del tracto urinario.',20,353,19),(142,'2016-06-23','Consulta de gastroenterología para pacientes con síntomas digestivos.',12,380,65),(143,'2021-09-22','Análisis de laboratorio para detectar enfermedades autoinmunes.',37,58,3),(144,'2022-06-15','Prueba de función pulmonar para pacientes con enfermedad pulmonar obstructiva crónica.',20,266,37),(145,'2014-08-25','Tomografía computarizada de abdomen para evaluar el tracto digestivo.',23,245,79),(146,'2023-04-02','Evaluación de la función hepática en pacientes con enfermedad hepática.',43,63,38),(147,'2021-06-16','Análisis de laboratorio para detectar enfermedades autoinmunes.',29,76,30),(148,'2022-04-05','Evaluación auditiva para detectar problemas de audición.',43,304,27),(149,'2021-07-25','Radiografía dental para evaluar la salud bucal.',27,303,28),(150,'2021-12-12','Control de glucosa en sangre para pacientes diabéticos.',15,155,20),(151,'2024-05-08','Evaluación de la densidad ósea en pacientes con osteoporosis.',27,18,24),(152,'2019-11-30','Prueba de función renal para pacientes con enfermedad renal crónica.',44,283,76),(153,'2016-11-10','Análisis de laboratorio para detectar enfermedades autoinmunes.',42,168,17),(154,'2019-05-01','Ecocardiograma para evaluar la función cardíaca.',42,171,80),(155,'2015-11-14','Consulta de urología para pacientes con problemas del tracto urinario.',23,221,27),(156,'2016-03-07','Prueba de embarazo para mujeres con retraso menstrual.',28,96,35),(157,'2018-01-02','Prueba de aliento para diagnóstico de infección por Helicobacter pylori.',41,146,57),(158,'2022-08-14','Prueba de alergia para identificar posibles desencadenantes.',19,291,54),(159,'2021-09-18','Control de glucosa en sangre para pacientes diabéticos.',6,229,24),(160,'2014-12-05','Ecocardiografía fetal para detección de malformaciones cardíacas.',45,51,62),(161,'2015-11-16','Consulta de oncología para pacientes con cáncer en tratamiento.',16,381,11),(162,'2022-01-25','Evaluación del estado nutricional en pacientes hospitalizados.',14,294,1),(163,'2016-09-16','Evaluación de la densidad ósea en pacientes con osteoporosis.',26,248,62),(164,'2022-05-04','Evaluación neurológica para pacientes con síntomas de migraña.',32,388,74),(165,'2016-06-24','Evaluación de la función tiroidea mediante análisis de sangre.',12,81,60),(166,'2024-04-27','Control de glucosa en sangre para pacientes diabéticos.',31,8,51),(167,'2018-05-04','Radiografía de tórax para detección de enfermedades pulmonares.',21,119,23),(168,'2020-06-08','Consulta de gastroenterología para pacientes con síntomas digestivos.',5,143,36),(169,'2022-02-28','Control de presión intraocular para pacientes con glaucoma.',43,119,24),(170,'2018-09-16','Evaluación del estado nutricional en pacientes hospitalizados.',23,98,20),(171,'2014-07-18','Consulta de oncología para pacientes con cáncer en tratamiento.',5,322,72),(172,'2014-12-05','Prueba de esfuerzo para evaluar la condición física.',39,378,11),(173,'2015-07-31','Evaluación vascular para detectar enfermedades vasculares periféricas.',20,148,29),(174,'2018-03-28','Tomografía computarizada de abdomen para evaluar el tracto digestivo.',9,388,35),(175,'2023-01-18','Consulta de seguimiento para monitorear la presión arterial.',6,27,69),(176,'2017-08-13','Consulta de psicología para tratar trastornos de ansiedad.',19,10,63),(177,'2023-07-15','Consulta de urología para pacientes con problemas del tracto urinario.',36,150,50),(178,'2022-03-09','Ecocardiografía fetal para detección de malformaciones cardíacas.',32,35,35),(179,'2018-04-21','Consulta de fisioterapia para rehabilitación de lesiones.',7,367,13),(180,'2023-03-31','Tomografía computarizada de abdomen para evaluar el tracto digestivo.',29,280,45),(181,'2021-09-25','Evaluación oftalmológica para detectar problemas de visión.',41,316,12),(182,'2015-06-19','Prueba de alergia para identificar posibles desencadenantes.',38,284,4),(183,'2019-08-08','Control de glucosa en sangre para pacientes diabéticos.',36,310,64),(184,'2016-03-26','Consulta de oncología para pacientes con cáncer en tratamiento.',43,277,31),(185,'2019-01-07','Ecocardiograma para evaluar la función cardíaca.',25,60,62),(186,'2023-02-10','Análisis de sangre para detección de deficiencias nutricionales.',40,197,53),(187,'2015-07-19','Evaluación de la función renal en pacientes diabéticos.',40,135,64),(188,'2020-02-08','Evaluación ginecológica para mujeres en edad reproductiva.',42,75,19),(189,'2019-09-08','Control de presión intraocular para pacientes con glaucoma.',9,272,4),(190,'2016-11-05','Evaluación neurológica para pacientes con síntomas de migraña.',3,277,72),(191,'2016-06-13','Evaluación del estado nutricional en pacientes hospitalizados.',2,278,21),(192,'2022-08-26','Evaluación vascular para detectar enfermedades vasculares periféricas.',17,64,74),(193,'2021-05-13','Evaluación vascular para detectar enfermedades vasculares periféricas.',18,30,51),(194,'2020-12-06','Evaluación auditiva para detectar problemas de audición.',3,216,64),(195,'2024-03-14','Consulta de seguimiento para monitorear la presión arterial.',22,107,24),(196,'2022-12-21','Consulta de endocrinología para pacientes con trastornos hormonales.',37,324,70),(197,'2014-11-22','Evaluación auditiva para detectar problemas de audición.',24,385,12),(198,'2018-07-22','Prueba de aliento para diagnóstico de infección por Helicobacter pylori.',38,24,38),(199,'2019-06-19','Prueba de aliento para diagnóstico de infección por Helicobacter pylori.',27,62,1),(200,'2017-03-24','Electroencefalograma para detectar actividad cerebral anormal.',28,20,53),(201,'2018-10-08','Evaluación ginecológica para mujeres en edad reproductiva.',14,67,6),(202,'2022-01-22','Examen físico anual para pacientes adultos.',23,25,35),(203,'2022-05-28','Evaluación cardiológica completa.',43,184,64),(204,'2021-01-09','Evaluación de la función renal en pacientes diabéticos.',39,110,68),(205,'2022-06-02','Consulta de nutrición para planificación de dietas saludables.',5,9,9),(206,'2022-09-10','Evaluación cardiológica completa.',16,273,44),(207,'2018-06-30','Evaluación neurológica para pacientes con síntomas de migraña.',15,95,4),(208,'2014-11-20','Consulta de urología para pacientes con problemas del tracto urinario.',44,120,23),(209,'2020-06-10','Examen físico anual para pacientes adultos.',4,193,78),(210,'2015-12-21','Evaluación de la función inmunológica en pacientes inmunocomprometidos.',23,85,32),(211,'2018-08-06','Prueba de embarazo para mujeres con retraso menstrual.',19,171,59),(212,'2020-04-27','Prueba de alergia para identificar posibles desencadenantes.',40,109,48),(213,'2017-11-26','Consulta de gastroenterología para pacientes con síntomas digestivos.',27,386,62),(214,'2022-07-10','Análisis de laboratorio para detectar enfermedades autoinmunes.',12,172,70),(215,'2018-05-13','Evaluación vascular para detectar enfermedades vasculares periféricas.',10,399,25),(216,'2019-01-25','Control de glucosa en sangre para pacientes diabéticos.',38,44,76),(217,'2021-09-04','Prueba de función renal para pacientes con enfermedad renal crónica.',38,117,59),(218,'2014-09-25','Consulta de endocrinología para pacientes con trastornos hormonales.',6,331,8),(219,'2022-10-01','Ecocardiografía fetal para detección de malformaciones cardíacas.',15,267,8),(220,'2015-03-22','Prueba de esfuerzo para evaluar la condición física.',18,158,58),(221,'2021-11-25','Análisis de laboratorio para detectar enfermedades autoinmunes.',37,285,16),(222,'2023-05-02','Evaluación auditiva para detectar problemas de audición.',9,228,13),(223,'2024-05-10','Consulta de fisioterapia para rehabilitación de lesiones.',28,380,65),(224,'2024-05-04','Examen físico anual para pacientes adultos.',42,397,56),(225,'2023-12-01','Prueba de alergia para identificar posibles desencadenantes.',45,364,76),(226,'2017-12-14','Ecocardiograma para evaluar la función cardíaca.',12,60,60),(227,'2016-01-18','Evaluación oftalmológica para detectar problemas de visión.',16,50,78),(228,'2019-03-26','Consulta de fisioterapia para rehabilitación de lesiones.',24,348,57),(229,'2021-08-28','Evaluación del estado nutricional en pacientes hospitalizados.',14,331,43),(230,'2018-08-25','Evaluación de la función hepática en pacientes con enfermedad hepática.',20,320,39),(231,'2021-09-26','Control de glucosa posprandial en pacientes diabéticos.',33,382,14),(232,'2021-12-19','Ecografía renal para evaluación de los riñones.',44,362,55),(233,'2018-05-12','Consulta de dermatología para tratar afecciones cutáneas.',24,100,70),(234,'2022-05-27','Evaluación de la función cardíaca mediante Holter de 24 horas.',32,165,19),(235,'2019-12-18','Prueba de esfuerzo para evaluar la condición física.',42,268,79),(236,'2019-11-18','Control de peso y talla en niños en crecimiento.',1,13,78),(237,'2016-08-21','Evaluación de la densidad ósea en pacientes con osteoporosis.',11,94,48),(238,'2018-05-03','Evaluación auditiva para detectar problemas de audición.',28,32,37),(239,'2018-06-04','Consulta de nutrición para planificación de dietas saludables.',5,52,77),(240,'2018-12-12','Radiografía de tórax para detección de enfermedades pulmonares.',22,68,76),(241,'2022-05-16','Examen físico anual para pacientes adultos.',13,322,80),(242,'2019-05-02','Prueba de aliento para diagnóstico de infección por Helicobacter pylori.',16,145,76),(243,'2017-04-09','Consulta de psicología para tratar trastornos de ansiedad.',2,211,55),(244,'2019-08-13','Prueba de función hepática para evaluar la salud del hígado.',7,176,67),(245,'2023-01-08','Análisis de laboratorio para detectar enfermedades autoinmunes.',45,75,17),(246,'2014-07-18','Consulta de psicología para tratar trastornos de ansiedad.',33,75,35),(247,'2015-10-31','Evaluación de la función inmunológica en pacientes inmunocomprometidos.',20,43,70),(248,'2021-01-03','Análisis de lípidos para evaluar el perfil lipídico.',10,51,30),(249,'2019-01-26','Ecocardiograma para evaluar la función cardíaca.',37,326,55),(250,'2018-10-24','Evaluación auditiva para detectar problemas de audición.',12,304,53),(251,'2022-12-18','Control de glucosa en sangre para pacientes diabéticos.',5,352,37),(252,'2018-07-28','Consulta de urología para pacientes con problemas del tracto urinario.',32,32,26),(253,'2018-02-23','Examen físico anual para pacientes adultos.',1,293,16),(254,'2023-05-18','Radiografía de columna para pacientes con dolor lumbar crónico.',3,137,19),(255,'2023-11-27','Consulta de nutrición para planificación de dietas saludables.',44,357,38),(256,'2020-02-17','Radiografía dental para evaluar la salud bucal.',1,120,5),(257,'2020-02-12','Ecocardiograma para evaluar la función cardíaca.',3,281,41),(258,'2023-09-09','Evaluación ginecológica para mujeres en edad reproductiva.',30,203,26),(259,'2018-10-23','Evaluación oftalmológica para detectar problemas de visión.',9,72,36),(260,'2022-02-26','Evaluación de la función renal en pacientes diabéticos.',31,397,55),(261,'2020-06-01','Evaluación de la función tiroidea mediante análisis de sangre.',36,219,12),(262,'2015-01-28','Evaluación cardiológica completa.',10,274,76),(263,'2017-12-03','Consulta de seguimiento para monitorear la presión arterial.',19,31,68),(264,'2019-11-26','Análisis de orina para detectar infecciones del tracto urinario.',31,175,28),(265,'2021-12-03','Evaluación cardiológica completa.',43,164,53),(266,'2019-01-09','Consulta de endocrinología para pacientes con trastornos hormonales.',37,132,43),(267,'2018-06-05','Control de peso y talla en niños en crecimiento.',29,79,34),(268,'2021-05-07','Evaluación de la función hepática en pacientes con enfermedad hepática.',36,312,21),(269,'2019-08-25','Radiografía dental para evaluar la salud bucal.',22,293,47),(270,'2021-04-26','Evaluación cardiológica completa.',19,255,11),(271,'2023-09-10','Prueba de función renal para pacientes con enfermedad renal crónica.',26,85,34),(272,'2018-06-06','Evaluación neurológica para pacientes con síntomas de migraña.',23,96,68),(273,'2016-01-16','Control de presión arterial en pacientes hipertensos.',34,262,19),(274,'2017-01-26','Consulta de seguimiento para monitorear la presión arterial.',44,339,68),(275,'2020-08-27','Control de crecimiento y desarrollo en niños.',35,258,12),(276,'2024-05-13','Análisis de laboratorio para detectar enfermedades autoinmunes.',12,114,70),(277,'2015-12-28','Prueba de función hepática para evaluar la salud del hígado.',17,350,8),(278,'2017-01-12','Evaluación neurológica para pacientes con síntomas de migraña.',35,84,49),(279,'2015-09-02','Evaluación de la función hepática en pacientes con enfermedad hepática.',32,8,66),(280,'2017-11-07','Consulta de seguimiento para monitorear la presión arterial.',28,190,40),(281,'2015-04-24','Evaluación de la función cardíaca mediante Holter de 24 horas.',24,305,63),(282,'2018-02-22','Prueba de función pulmonar para pacientes con enfermedad pulmonar obstructiva crónica.',23,332,5),(283,'2017-07-04','Consulta de oncología para pacientes con cáncer en tratamiento.',31,317,11),(284,'2021-07-18','Ecocardiografía fetal para detección de malformaciones cardíacas.',44,193,44),(285,'2022-05-04','Evaluación oftalmológica para detectar problemas de visión.',6,34,66),(286,'2017-04-24','Prueba de aliento para diagnóstico de infección por Helicobacter pylori.',41,295,21),(287,'2024-02-07','Prueba de aliento para diagnóstico de infección por Helicobacter pylori.',28,194,21),(288,'2019-08-31','Evaluación de la función tiroidea mediante análisis de sangre.',19,307,73),(289,'2019-03-28','Prueba de función pulmonar para pacientes con enfermedad pulmonar obstructiva crónica.',42,315,51),(290,'2022-08-28','Análisis de sangre para detección de deficiencias nutricionales.',36,223,5),(291,'2014-06-09','Tomografía computarizada de abdomen para evaluar el tracto digestivo.',5,207,63),(292,'2014-09-15','Prueba de función pulmonar para pacientes con enfermedad pulmonar obstructiva crónica.',11,246,50),(293,'2023-05-11','Tomografía computarizada de abdomen para evaluar el tracto digestivo.',8,8,4),(294,'2014-06-01','Prueba de función hepática para evaluar la salud del hígado.',3,59,28),(295,'2022-11-27','Consulta de oncología para pacientes con cáncer en tratamiento.',17,144,64),(296,'2017-06-22','Tomografía computarizada de abdomen para evaluar el tracto digestivo.',4,99,57),(297,'2022-04-06','Consulta de urología para pacientes con problemas del tracto urinario.',44,251,35),(298,'2014-12-17','Consulta de oncología para pacientes con cáncer en tratamiento.',40,47,11),(299,'2024-02-06','Examen físico anual para pacientes adultos.',34,341,31),(300,'2014-11-10','Prueba de embarazo para mujeres con retraso menstrual.',14,37,16),(301,'2014-10-29','Ecocardiografía fetal para detección de malformaciones cardíacas.',42,99,55),(302,'2021-12-31','Prueba de función hepática para evaluar la salud del hígado.',14,231,75),(303,'2023-02-18','Ecografía renal para evaluación de los riñones.',1,360,59),(304,'2020-02-25','Evaluación auditiva para detectar problemas de audición.',26,369,69),(305,'2018-10-09','Prueba de alergia para identificar posibles desencadenantes.',19,226,24),(306,'2022-12-12','Evaluación de la función tiroidea mediante análisis de sangre.',17,32,72),(307,'2016-01-18','Ecografía obstétrica para seguimiento del embarazo.',19,366,9),(308,'2022-11-25','Control de presión arterial en pacientes hipertensos.',39,82,23),(309,'2016-04-08','Evaluación de la función hepática en pacientes con enfermedad hepática.',1,375,55),(310,'2022-03-22','Radiografía de columna para pacientes con dolor lumbar crónico.',13,336,3),(311,'2020-08-24','Prueba de embarazo para mujeres con retraso menstrual.',7,23,46),(312,'2014-08-18','Análisis de lípidos para evaluar el perfil lipídico.',12,113,44),(313,'2019-11-13','Evaluación de la función inmunológica en pacientes inmunocomprometidos.',3,286,28),(314,'2020-12-05','Consulta de seguimiento para monitorear la presión arterial.',3,56,23),(315,'2018-08-14','Examen físico anual para pacientes adultos.',11,149,20),(316,'2016-11-01','Evaluación de la función inmunológica en pacientes inmunocomprometidos.',29,367,31),(317,'2021-11-26','Radiografía dental para evaluar la salud bucal.',13,392,51),(318,'2021-11-19','Control de glucosa en sangre para pacientes diabéticos.',43,283,33),(319,'2017-11-26','Evaluación neurológica para pacientes con síntomas de migraña.',26,172,63),(320,'2014-08-19','Evaluación oftalmológica para detectar problemas de visión.',15,269,66),(321,'2016-10-11','Consulta de oncología para pacientes con cáncer en tratamiento.',17,316,77),(322,'2023-02-11','Consulta de fisioterapia para rehabilitación de lesiones.',29,240,79),(323,'2017-01-10','Ecografía obstétrica para seguimiento del embarazo.',4,144,56),(324,'2018-03-13','Prueba de alergia para identificar posibles desencadenantes.',42,85,70),(325,'2017-09-01','Evaluación de la función hepática en pacientes con enfermedad hepática.',27,240,57),(326,'2017-03-27','Control de glucosa posprandial en pacientes diabéticos.',8,259,16),(327,'2020-11-14','Consulta de endocrinología para pacientes con trastornos hormonales.',41,35,34),(328,'2018-05-27','Evaluación auditiva para detectar problemas de audición.',29,164,27),(329,'2024-02-10','Consulta de urología para pacientes con problemas del tracto urinario.',22,229,61),(330,'2022-12-25','Análisis de orina para detectar infecciones del tracto urinario.',38,238,35),(331,'2015-04-11','Consulta de urología para pacientes con problemas del tracto urinario.',10,311,62),(332,'2016-07-10','Consulta de nutrición para planificación de dietas saludables.',34,320,22),(333,'2015-11-15','Evaluación de la densidad ósea en pacientes con osteoporosis.',24,178,25),(334,'2014-06-13','Consulta de seguimiento para monitorear la presión arterial.',44,30,46),(335,'2019-03-24','Consulta de dermatología para tratar afecciones cutáneas.',21,380,73),(336,'2022-05-01','Prueba de función hepática para evaluar la salud del hígado.',19,26,26),(337,'2021-04-25','Consulta de seguimiento para monitorear la presión arterial.',39,325,21),(338,'2021-10-26','Prueba de función renal para pacientes con enfermedad renal crónica.',45,290,62),(339,'2015-04-12','Consulta de dermatología para tratar afecciones cutáneas.',15,1,40),(340,'2021-05-08','Electroencefalograma para detectar actividad cerebral anormal.',5,166,75),(341,'2014-06-14','Consulta de fisioterapia para rehabilitación de lesiones.',15,286,74),(342,'2020-12-16','Consulta de psicología para tratar trastornos de ansiedad.',13,92,1),(343,'2016-02-21','Tomografía computarizada de abdomen para evaluar el tracto digestivo.',4,376,35),(344,'2019-08-03','Ecocardiografía fetal para detección de malformaciones cardíacas.',28,390,35),(345,'2020-02-21','Consulta de nutrición para planificación de dietas saludables.',43,114,73),(346,'2015-06-18','Evaluación de la función inmunológica en pacientes inmunocomprometidos.',4,114,77),(347,'2019-11-28','Control de glucosa posprandial en pacientes diabéticos.',8,69,24),(348,'2015-04-01','Prueba de embarazo para mujeres con retraso menstrual.',1,330,24),(349,'2017-05-22','Consulta de gastroenterología para pacientes con síntomas digestivos.',16,291,16),(350,'2024-03-18','Consulta de seguimiento para monitorear la presión arterial.',26,400,43),(351,'2023-06-29','Radiografía de tórax para detección de enfermedades pulmonares.',15,309,43),(352,'2014-08-11','Control de glucosa en sangre para pacientes diabéticos.',26,71,78),(353,'2015-09-02','Evaluación neurológica para pacientes con síntomas de migraña.',22,26,18),(354,'2022-11-26','Evaluación de la densidad ósea en pacientes con osteoporosis.',7,322,4),(355,'2016-01-31','Control de glucosa posprandial en pacientes diabéticos.',2,302,36),(356,'2016-09-25','Tomografía computarizada de abdomen para evaluar el tracto digestivo.',38,150,47),(357,'2014-10-07','Evaluación de la función tiroidea mediante análisis de sangre.',3,181,23),(358,'2014-08-17','Control de crecimiento y desarrollo en niños.',38,125,28),(359,'2020-11-08','Consulta de urología para pacientes con problemas del tracto urinario.',42,308,62),(360,'2014-07-14','Evaluación de la función pulmonar en pacientes asmáticos.',39,399,5),(361,'2024-03-03','Consulta de psicología para tratar trastornos de ansiedad.',40,344,12),(362,'2019-08-25','Prueba de función pulmonar para pacientes con enfermedad pulmonar obstructiva crónica.',14,235,52),(363,'2017-04-09','Evaluación de la función renal en pacientes diabéticos.',30,84,56),(364,'2022-11-11','Control de peso y talla en niños en crecimiento.',25,156,76),(365,'2023-10-05','Prueba de esfuerzo para evaluar la condición física.',7,206,28),(366,'2017-06-17','Consulta de endocrinología para pacientes con trastornos hormonales.',25,284,75),(367,'2019-10-24','Prueba de función renal para pacientes con enfermedad renal crónica.',7,239,71),(368,'2017-11-21','Evaluación cardiológica completa.',5,35,71),(369,'2016-04-25','Consulta de seguimiento para monitorear la presión arterial.',16,306,19),(370,'2022-12-02','Prueba de esfuerzo para evaluar la condición física.',27,245,47),(371,'2024-05-02','Control de glucosa posprandial en pacientes diabéticos.',35,95,4),(372,'2022-05-29','Análisis de lípidos para evaluar el perfil lipídico.',10,79,78),(373,'2019-03-03','Control de presión intraocular para pacientes con glaucoma.',33,350,68),(374,'2015-06-03','Evaluación vascular para detectar enfermedades vasculares periféricas.',41,254,23),(375,'2020-10-02','Evaluación neurológica para pacientes con síntomas de migraña.',1,317,45),(376,'2015-05-19','Prueba de función pulmonar para pacientes con enfermedad pulmonar obstructiva crónica.',20,128,79),(377,'2018-10-22','Prueba de aliento para diagnóstico de infección por Helicobacter pylori.',13,200,70),(378,'2016-05-03','Control de presión intraocular para pacientes con glaucoma.',16,299,11),(379,'2022-01-30','Análisis de laboratorio para detectar enfermedades autoinmunes.',27,119,30),(380,'2024-02-22','Evaluación ginecológica para mujeres en edad reproductiva.',42,159,25),(381,'2018-02-12','Consulta de nutrición para planificación de dietas saludables.',21,324,16),(382,'2023-07-11','Consulta de seguimiento para monitorear la presión arterial.',34,393,1),(383,'2022-04-22','Evaluación de la función inmunológica en pacientes inmunocomprometidos.',38,393,65),(384,'2014-07-12','Consulta de oncología para pacientes con cáncer en tratamiento.',25,145,46),(385,'2014-12-25','Evaluación ginecológica para mujeres en edad reproductiva.',12,31,3),(386,'2015-09-01','Evaluación de la función tiroidea mediante análisis de sangre.',18,225,27),(387,'2015-05-30','Control de presión arterial en pacientes hipertensos.',28,344,67),(388,'2024-03-23','Radiografía dental para evaluar la salud bucal.',17,295,66),(389,'2021-01-12','Consulta de fisioterapia para rehabilitación de lesiones.',4,83,8),(390,'2021-09-23','Control de presión arterial en pacientes hipertensos.',24,298,4),(391,'2018-10-29','Prueba de aliento para diagnóstico de infección por Helicobacter pylori.',27,313,43),(392,'2021-09-23','Control de presión arterial en pacientes hipertensos.',23,39,78),(393,'2019-10-21','Control de peso y talla en niños en crecimiento.',12,337,58),(394,'2023-10-24','Evaluación cardiológica completa.',15,49,5),(395,'2014-12-15','Radiografía de columna para pacientes con dolor lumbar crónico.',31,195,62),(396,'2016-11-15','Consulta de psicología para tratar trastornos de ansiedad.',42,393,64),(397,'2016-10-04','Evaluación de la función hepática en pacientes con enfermedad hepática.',4,317,76),(398,'2024-03-19','Electroencefalograma para detectar actividad cerebral anormal.',44,110,15),(399,'2018-11-16','Consulta de fisioterapia para rehabilitación de lesiones.',36,360,68),(400,'2021-08-05','Control de crecimiento y desarrollo en niños.',2,227,24),(401,'2018-03-08','Prueba de función pulmonar para pacientes con enfermedad pulmonar obstructiva crónica.',32,184,34),(402,'2014-11-20','Ecocardiografía fetal para detección de malformaciones cardíacas.',34,307,40),(403,'2015-09-30','Ecocardiograma para evaluar la función cardíaca.',40,28,70),(404,'2022-04-16','Control de crecimiento y desarrollo en niños.',40,321,67),(405,'2014-08-29','Radiografía dental para evaluar la salud bucal.',30,314,80),(406,'2018-05-02','Análisis de lípidos para evaluar el perfil lipídico.',23,57,23),(407,'2019-08-17','Consulta de seguimiento para monitorear la presión arterial.',4,351,8),(408,'2015-10-25','Ecografía renal para evaluación de los riñones.',30,217,1),(409,'2017-09-20','Evaluación de la función inmunológica en pacientes inmunocomprometidos.',45,7,5),(410,'2019-07-19','Ecografía renal para evaluación de los riñones.',17,227,57),(411,'2023-01-02','Evaluación de la función pulmonar en pacientes asmáticos.',15,291,33),(412,'2023-11-23','Examen físico anual para pacientes adultos.',17,291,52),(413,'2015-11-18','Consulta de gastroenterología para pacientes con síntomas digestivos.',2,376,63),(414,'2014-12-17','Examen físico anual para pacientes adultos.',2,43,60),(415,'2015-09-01','Radiografía dental para evaluar la salud bucal.',1,192,47),(416,'2023-02-09','Prueba de función renal para pacientes con enfermedad renal crónica.',7,269,74),(417,'2014-09-07','Prueba de esfuerzo para evaluar la condición física.',40,132,3),(418,'2022-04-10','Evaluación de la función pulmonar en pacientes asmáticos.',18,93,65),(419,'2024-02-07','Control de presión arterial en pacientes hipertensos.',32,344,48),(420,'2022-03-21','Control de crecimiento y desarrollo en niños.',35,286,33),(421,'2017-03-02','Prueba de esfuerzo para evaluar la condición física.',41,145,14),(422,'2019-02-17','Análisis de orina para detectar infecciones del tracto urinario.',36,142,61),(423,'2023-10-11','Prueba de esfuerzo para evaluar la condición física.',42,283,45),(424,'2017-08-05','Consulta de endocrinología para pacientes con trastornos hormonales.',10,367,51),(425,'2022-06-17','Evaluación de la función hepática en pacientes con enfermedad hepática.',29,176,3),(426,'2018-06-06','Evaluación de la función hepática en pacientes con enfermedad hepática.',35,343,18),(427,'2017-05-02','Ecocardiograma para evaluar la función cardíaca.',10,185,56),(428,'2023-10-22','Evaluación de la función pulmonar en pacientes asmáticos.',17,251,76),(429,'2022-12-26','Radiografía de tórax para detección de enfermedades pulmonares.',5,105,5),(430,'2021-12-25','Prueba de función pulmonar para pacientes con enfermedad pulmonar obstructiva crónica.',27,290,42),(431,'2021-09-25','Control de peso y talla en niños en crecimiento.',35,314,9),(432,'2019-08-29','Análisis de lípidos para evaluar el perfil lipídico.',25,104,41),(433,'2020-05-08','Prueba de esfuerzo para evaluar la condición física.',17,393,39),(434,'2014-09-28','Radiografía de columna para pacientes con dolor lumbar crónico.',25,379,27),(435,'2017-01-23','Control de crecimiento y desarrollo en niños.',18,187,46),(436,'2015-05-01','Ecografía obstétrica para seguimiento del embarazo.',6,287,23),(437,'2023-06-26','Radiografía de columna para pacientes con dolor lumbar crónico.',27,129,19),(438,'2019-09-04','Análisis de laboratorio para detectar enfermedades autoinmunes.',20,359,38),(439,'2019-01-11','Evaluación de la función renal en pacientes diabéticos.',7,13,8),(440,'2016-05-05','Evaluación cardiológica completa.',4,272,79),(441,'2020-01-28','Prueba de alergia para identificar posibles desencadenantes.',37,300,2),(442,'2024-05-18','Análisis de orina para detectar infecciones del tracto urinario.',38,184,79),(443,'2017-11-10','Consulta de endocrinología para pacientes con trastornos hormonales.',42,309,2),(444,'2019-07-19','Consulta de seguimiento para monitorear la presión arterial.',6,50,61),(445,'2017-07-08','Evaluación de la densidad ósea en pacientes con osteoporosis.',1,248,37),(446,'2022-03-29','Evaluación de la función pulmonar en pacientes asmáticos.',23,344,19),(447,'2014-11-24','Evaluación de la función inmunológica en pacientes inmunocomprometidos.',16,287,55),(448,'2020-11-21','Evaluación de la función renal en pacientes diabéticos.',3,261,12),(449,'2015-03-19','Análisis de lípidos para evaluar el perfil lipídico.',31,40,55),(450,'2014-06-26','Consulta de dermatología para tratar afecciones cutáneas.',32,318,9),(451,'2015-03-01','Consulta de seguimiento para monitorear la presión arterial.',29,113,78),(452,'2019-01-21','Ecografía obstétrica para seguimiento del embarazo.',37,280,18),(453,'2021-04-23','Control de crecimiento y desarrollo en niños.',20,117,74),(454,'2019-01-14','Consulta de seguimiento para monitorear la presión arterial.',27,59,62),(455,'2022-12-30','Consulta de psicología para tratar trastornos de ansiedad.',3,396,18),(456,'2017-07-11','Evaluación vascular para detectar enfermedades vasculares periféricas.',22,279,66),(457,'2022-03-03','Evaluación del estado nutricional en pacientes hospitalizados.',1,227,53),(458,'2024-04-28','Ecocardiografía fetal para detección de malformaciones cardíacas.',41,166,58),(459,'2018-06-11','Control de glucosa en sangre para pacientes diabéticos.',34,260,79),(460,'2024-04-06','Prueba de función pulmonar para pacientes con enfermedad pulmonar obstructiva crónica.',33,40,53),(461,'2014-06-07','Control de crecimiento y desarrollo en niños.',32,8,76),(462,'2014-11-05','Consulta de fisioterapia para rehabilitación de lesiones.',8,222,69),(463,'2020-07-07','Control de glucosa posprandial en pacientes diabéticos.',41,112,61),(464,'2016-11-20','Evaluación neurológica para pacientes con síntomas de migraña.',19,351,75),(465,'2014-09-17','Ecografía renal para evaluación de los riñones.',5,136,31),(466,'2022-04-07','Consulta de psicología para tratar trastornos de ansiedad.',2,71,32),(467,'2023-06-07','Prueba de esfuerzo para evaluar la condición física.',43,167,37),(468,'2023-04-25','Evaluación de la función tiroidea mediante análisis de sangre.',3,67,59),(469,'2018-01-06','Evaluación neurológica para pacientes con síntomas de migraña.',16,289,76),(470,'2020-07-23','Control de presión arterial en pacientes hipertensos.',44,50,64),(471,'2021-05-17','Análisis de laboratorio para detectar enfermedades autoinmunes.',23,96,16),(472,'2022-05-06','Control de glucosa en sangre para pacientes diabéticos.',40,199,5),(473,'2015-12-13','Control de presión intraocular para pacientes con glaucoma.',6,261,28),(474,'2022-07-17','Consulta de urología para pacientes con problemas del tracto urinario.',12,13,40),(475,'2018-12-10','Consulta de endocrinología para pacientes con trastornos hormonales.',15,287,49),(476,'2015-03-07','Evaluación del estado nutricional en pacientes hospitalizados.',6,54,15),(477,'2023-04-18','Análisis de laboratorio para detectar enfermedades autoinmunes.',28,142,61),(478,'2022-10-19','Evaluación de la densidad ósea en pacientes con osteoporosis.',14,302,10),(479,'2018-08-31','Consulta de nutrición para planificación de dietas saludables.',14,146,70),(480,'2021-03-20','Consulta de gastroenterología para pacientes con síntomas digestivos.',31,31,44),(481,'2018-03-20','Evaluación del estado nutricional en pacientes hospitalizados.',39,223,47),(482,'2016-07-06','Consulta de endocrinología para pacientes con trastornos hormonales.',16,207,80),(483,'2021-10-13','Evaluación del estado nutricional en pacientes hospitalizados.',21,171,30),(484,'2023-01-30','Evaluación de la densidad ósea en pacientes con osteoporosis.',44,12,46),(485,'2015-08-19','Prueba de embarazo para mujeres con retraso menstrual.',5,286,29),(486,'2017-08-06','Tomografía computarizada de abdomen para evaluar el tracto digestivo.',20,143,3),(487,'2015-12-30','Análisis de laboratorio para detectar enfermedades autoinmunes.',45,221,60),(488,'2019-03-14','Análisis de sangre para detección de deficiencias nutricionales.',9,222,3),(489,'2015-05-26','Evaluación de la función pulmonar en pacientes asmáticos.',41,202,61),(490,'2019-04-18','Consulta de urología para pacientes con problemas del tracto urinario.',25,266,2),(491,'2020-01-09','Prueba de alergia para identificar posibles desencadenantes.',3,262,54),(492,'2019-02-08','Evaluación de la densidad ósea en pacientes con osteoporosis.',21,194,47),(493,'2021-01-06','Control de glucosa posprandial en pacientes diabéticos.',12,152,79),(494,'2024-05-15','Control de peso y talla en niños en crecimiento.',40,338,26),(495,'2020-12-27','Evaluación vascular para detectar enfermedades vasculares periféricas.',37,366,46),(496,'2021-10-15','Ecografía obstétrica para seguimiento del embarazo.',27,369,49),(497,'2020-05-05','Control de peso y talla en niños en crecimiento.',25,217,66),(498,'2024-01-05','Evaluación de la función tiroidea mediante análisis de sangre.',30,315,47),(499,'2022-05-25','Control de presión intraocular para pacientes con glaucoma.',6,280,36),(500,'2017-09-24','Prueba de esfuerzo para evaluar la condición física.',16,300,7);
/*!40000 ALTER TABLE `expediente` ENABLE KEYS */;
UNLOCK TABLES;

--
-- Table structure for table `expediente_medicamento`
--

DROP TABLE IF EXISTS `expediente_medicamento`;
/*!40101 SET @saved_cs_client     = @@character_set_client */;
/*!50503 SET character_set_client = utf8mb4 */;
CREATE TABLE `expediente_medicamento` (
  `expediente_id` int NOT NULL,
  `medicamento_id` int NOT NULL,
  PRIMARY KEY (`expediente_id`,`medicamento_id`),
  KEY `medicamento_id` (`medicamento_id`),
  CONSTRAINT `expediente_medicamento_ibfk_1` FOREIGN KEY (`expediente_id`) REFERENCES `expediente` (`id`),
  CONSTRAINT `expediente_medicamento_ibfk_2` FOREIGN KEY (`medicamento_id`) REFERENCES `medicamento` (`id`)
) ENGINE=InnoDB DEFAULT CHARSET=utf8mb4 COLLATE=utf8mb4_0900_ai_ci;
/*!40101 SET character_set_client = @saved_cs_client */;

--
-- Dumping data for table `expediente_medicamento`
--

LOCK TABLES `expediente_medicamento` WRITE;
/*!40000 ALTER TABLE `expediente_medicamento` DISABLE KEYS */;
INSERT INTO `expediente_medicamento` VALUES (31,1),(67,1),(110,1),(163,1),(213,3),(36,4),(98,5),(102,5),(472,5),(63,6),(68,6),(499,7),(356,8),(235,10),(350,12),(180,13),(296,14),(250,15),(112,18),(233,18),(242,18),(334,18),(247,19),(45,20),(134,20),(288,20),(157,21),(179,24),(344,24),(279,25),(78,26),(403,26),(1,27),(269,27),(368,28),(500,28),(183,31),(359,31),(464,32),(6,33),(309,33),(304,34),(375,34),(187,35),(93,36),(302,36),(449,36),(299,37),(352,38),(164,39),(48,40),(76,40),(82,40),(176,40),(395,41),(27,42),(421,42),(120,43),(253,45),(367,45),(33,46),(465,46),(301,47),(348,47),(331,48),(442,48),(80,49),(81,49),(2,51),(50,51),(212,51),(277,51),(338,51),(60,52),(181,52),(295,52),(478,53),(401,54),(70,55),(85,55),(124,55),(249,55),(92,56),(99,56),(182,56),(30,57),(284,57),(393,57),(169,59),(11,62),(71,62),(219,63),(198,64),(410,65),(319,66),(394,68),(240,70),(497,70),(75,71),(146,71),(439,71),(255,72),(364,72),(391,72),(426,72),(200,74),(46,75),(241,75),(443,76),(17,77),(95,77),(245,77),(268,77),(109,78),(282,78),(305,78),(378,79),(190,80),(140,82),(427,82),(474,82),(41,83),(159,85),(258,86),(408,86),(86,87),(165,87),(26,88),(260,88),(363,88),(111,89),(72,90),(327,90),(59,91),(312,92),(371,92),(466,93),(436,94),(126,95),(149,95),(174,95),(457,95),(459,97),(460,99),(396,101),(196,104),(280,104),(321,104),(37,105),(325,105),(351,106),(370,106),(387,107),(123,110),(138,110),(64,111),(74,111),(315,112),(337,113),(152,114),(155,114),(322,114),(404,115),(77,116),(405,117),(448,118),(79,121),(53,122),(392,122),(117,123),(389,123),(346,124),(5,125),(191,125),(399,125),(44,127),(463,128),(366,129),(306,130),(372,130),(417,130),(329,133),(83,134),(107,134),(105,135),(129,136),(188,137),(244,137),(441,138),(221,141),(19,142),(297,142),(103,143),(161,143),(243,144),(347,146),(473,147),(135,148),(186,149),(228,150),(266,150),(254,152),(291,152),(373,155),(133,156),(214,157),(477,157),(104,158),(323,158),(487,158),(452,160),(257,161),(386,162),(313,163),(207,164),(458,164),(431,165),(20,166),(357,166),(223,167),(211,168),(252,168),(424,168),(58,169),(455,169),(97,170),(238,170),(230,172),(461,173),(335,174),(328,176),(28,178),(415,178),(341,179),(143,180),(239,181),(142,182),(38,183),(222,187),(354,187),(154,188),(261,188),(374,188),(462,191),(437,194),(353,195),(456,195),(414,196),(8,197),(216,197),(234,197),(25,198),(262,198),(380,198),(406,199),(429,199),(172,201),(90,203),(283,203),(314,203),(486,203),(13,204),(16,204),(210,204),(273,204),(57,205),(113,206),(145,206),(136,207),(333,207),(285,208),(379,208),(218,210),(275,210),(23,211),(292,211),(148,214),(271,215),(411,215),(246,217),(18,219),(204,219),(311,219),(265,220),(381,220),(49,222),(29,223),(450,223),(128,224),(444,224),(121,225),(491,225),(192,226),(15,227),(376,227),(205,228),(139,229),(206,229),(293,230),(349,230),(402,230),(87,232),(189,232),(340,232),(217,233),(185,234),(303,234),(488,235),(385,237),(156,239),(286,239),(407,239),(116,241),(446,241),(316,243),(345,243),(202,244),(423,247),(485,247),(171,248),(193,251),(355,251),(471,252),(307,253),(42,254),(272,255),(56,256),(201,257),(158,258),(300,259),(339,261),(166,262),(251,262),(220,263),(167,264),(425,264),(225,265),(398,265),(61,267),(377,267),(490,267),(419,269),(451,269),(360,270),(21,271),(47,271),(119,271),(412,273),(22,275),(224,275),(248,276),(263,276),(482,276),(52,277),(54,278),(101,278),(73,279),(69,280),(343,280),(480,280),(489,280),(150,281),(177,281),(400,281),(32,282),(209,283),(203,284),(274,284),(467,284),(7,287),(106,289),(208,289),(88,290),(483,291),(308,293),(494,293),(397,294),(332,295),(114,296),(66,297),(267,297),(276,297),(310,297),(418,297),(453,299),(40,300),(195,300),(383,302),(231,304),(422,304),(358,305),(168,308),(89,309),(317,309),(413,309),(9,311),(65,311),(226,312),(362,312),(14,313),(468,313),(153,314),(236,315),(326,315),(390,315),(430,315),(131,317),(445,317),(122,318),(298,319),(432,319),(256,320),(440,321),(3,322),(484,322),(51,324),(281,324),(435,325),(125,327),(194,327),(259,329),(479,329),(365,330),(96,334),(361,334),(173,335),(264,336),(470,336),(454,337),(4,338),(127,338),(132,341),(175,341),(197,341),(342,341),(409,342),(184,345),(229,345),(84,346),(118,346),(39,347),(498,347),(130,348),(151,348),(416,348),(91,350),(434,350),(137,351),(433,351),(34,353),(278,355),(438,355),(447,355),(215,357),(330,357),(178,359),(384,360),(232,361),(55,362),(100,362),(336,362),(388,362),(475,363),(147,364),(170,364),(94,365),(108,368),(12,369),(469,369),(476,369),(318,370),(24,371),(369,371),(492,372),(62,373),(382,373),(428,373),(43,374),(141,375),(290,375),(324,375),(270,376),(289,376),(493,378),(162,379),(227,380),(287,383),(481,383),(144,384),(420,385),(495,385),(10,386),(294,386),(35,387),(199,388),(320,388),(160,389),(237,389),(115,390),(496,390);
/*!40000 ALTER TABLE `expediente_medicamento` ENABLE KEYS */;
UNLOCK TABLES;

--
-- Table structure for table `medicamento`
--

DROP TABLE IF EXISTS `medicamento`;
/*!40101 SET @saved_cs_client     = @@character_set_client */;
/*!50503 SET character_set_client = utf8mb4 */;
CREATE TABLE `medicamento` (
  `id` int NOT NULL AUTO_INCREMENT,
  `nombre` varchar(50) DEFAULT NULL,
  `precio` float DEFAULT NULL,
  `especificacion` varchar(255) DEFAULT NULL,
  `indicacion` varchar(255) DEFAULT NULL,
  `stock` int DEFAULT NULL,
  `tipo` varchar(50) DEFAULT NULL,
  PRIMARY KEY (`id`)
) ENGINE=InnoDB AUTO_INCREMENT=391 DEFAULT CHARSET=utf8mb4 COLLATE=utf8mb4_0900_ai_ci;
/*!40101 SET character_set_client = @saved_cs_client */;

--
-- Dumping data for table `medicamento`
--

LOCK TABLES `medicamento` WRITE;
/*!40000 ALTER TABLE `medicamento` DISABLE KEYS */;
INSERT INTO `medicamento` VALUES (1,'Ibuprofeno',15.99,'Tabletas de 200mg','Alivio del dolor y reducción de la fiebre',150,'Antiinflamatorio'),(2,'Paracetamol',23.49,'Tabletas de 500mg','Alivio del dolor y reducción de la fiebre',200,'Antipiretico'),(3,'Amoxicilina',117.85,'Cápsulas de 500mg','Antibiótico para infecciones bacterianas',100,'Antibiotico'),(4,'Omeprazol',80.25,'Cápsulas de liberación retardada de 20mg','Reducción del ácido gástrico en el estómago',120,'Antibiotico'),(5,'Loratadina',76.75,'Tabletas de 10mg','Antihistamínico para alergias',180,'Antihistaminico'),(6,'Cetirizina',78.45,'Tabletas de 10mg','Antihistamínico para alergias',90,'Antihistaminico'),(7,'Metformina',92.5,'Tabletas de 850mg','Control de la glucosa en pacientes diabéticos',170,'Antibiotico'),(8,'Losartán',92.75,'Tabletas de 50mg','Tratamiento de la hipertensión arterial',190,'Antibiotico'),(9,'Warfarina',51.2,'Tabletas de 5mg','Anticoagulante',80,'Anticoagulante'),(10,'Alprazolam',141.6,'Tabletas de 0.5mg','Tratamiento de la ansiedad y los trastornos de pánico',130,'Ansiolitico'),(11,'Escitalopram',66.75,'Tabletas de 10mg','Antidepresivo',160,'Antidepresivo'),(12,'Gabapentina',91.95,'Cápsulas de 300mg','Tratamiento del dolor neuropático y convulsiones',110,'Antiepileptico'),(13,'Ciprofloxacino',92.3,'Tabletas de 500mg','Antibiótico para infecciones bacterianas',170,'Antibiotico'),(14,'Doxiciclina',99.4,'Cápsulas de 100mg','Antibiótico para infecciones bacterianas',150,'Antibiotico'),(15,'Clonazepam',81.9,'Tabletas de 0.5mg','Tratamiento de la ansiedad y los trastornos de pánico',120,'Ansiolitico'),(16,'Tramadol',74.25,'Cápsulas de 50mg','Analgésico para el dolor moderado a severo',200,'Analgesico'),(17,'Olanzapina',61.4,'Tabletas de 10mg','Antipsicótico para trastornos psicóticos',100,'Antipsicotico'),(18,'Fluoxetina',68.9,'Cápsulas de 20mg','Antidepresivo',130,'Antidepresivo'),(19,'Risperidona',147.8,'Tabletas de 2mg','Antipsicótico para trastornos psicóticos',180,'Antipsicotico'),(20,'Diazepam',73.5,'Tabletas de 5mg','Tratamiento de la ansiedad, convulsiones y trastornos musculares',200,'Ansiolitico'),(21,'Duloxetina',49.6,'Cápsulas de 60mg','Antidepresivo',220,'Antidepresivo'),(22,'Pregabalina',53.15,'Cápsulas de 75mg','Tratamiento de la neuralgia, epilepsia y ansiedad',250,'Antiepileptico'),(23,'Levetiracetam',114.8,'Tabletas de 500mg','Antiepiléptico',190,'Antiepileptico'),(24,'Fluconazol',121.9,'Cápsulas de 150mg','Antifúngico para infecciones por hongos',180,'Antifungico'),(25,'Memantina',118.45,'Tabletas de 10mg','Tratamiento del Alzheimer',150,'Antibiotico'),(26,'Carbamazepina',51.6,'Tabletas de 200mg','Antiepiléptico y estabilizador del estado de ánimo',190,'Antiepileptico'),(27,'Venlafaxina',156.9,'Cápsulas de liberación prolongada de 75mg','Antidepresivo',140,'Antidepresivo'),(28,'Levofloxacino',250.2,'Tabletas de 500mg','Antibiótico para infecciones bacterianas',170,'Antibiotico'),(29,'Trazodona',146.95,'Tabletas de 50mg','Antidepresivo',180,'Antidepresivo'),(30,'Bupropión',147.4,'Tabletas de liberación prolongada de 150mg','Antidepresivo y ayuda para dejar de fumar',160,'Antidepresivo'),(31,'Pantoprazol',49.8,'Tabletas de 40mg','Reducción del ácido gástrico en el estómago',170,'Antibiotico'),(32,'Metronidazol',97.15,'Tabletas de 500mg','Antibiótico y antiparasitario',190,'Antibiotico'),(33,'Acetaminofén',194.75,'Tabletas de 500mg','Analgésico y antipirético',210,'Analgésico'),(34,'Cefalexina',181.1,'Cápsulas de 500mg','Antibiótico para infecciones bacterianas',200,'Antibiotico'),(35,'Metilprednisolona',122.7,'Tabletas de 4mg','Antiinflamatorio',190,'Antiinflamatorio'),(36,'Fenobarbital',140.8,'Tabletas de 100mg','Antiepiléptico y sedante',160,'Antiepileptico'),(37,'Citalopram',174.2,'Tabletas de 20mg','Antidepresivo',200,'Antidepresivo'),(38,'Naproxeno',236.5,'Tabletas de 500mg','Antiinflamatorio y analgésico',210,'Antiinflamatorio'),(39,'Quetiapina',250.8,'Tabletas de liberación prolongada de 200mg','Antipsicótico para trastornos psicóticos',140,'Antipsicotico'),(40,'Amitriptilina',97.9,'Tabletas de 25mg','Antidepresivo',220,'Antidepresivo'),(41,'Lamotrigina',174.75,'Tabletas de 100mg','Antiepiléptico y estabilizador del estado de ánimo',180,'Antiepileptico'),(42,'Fentanilo',259.5,'Parche transdérmico de 25mcg/hora','Analgésico opioide para el dolor severo',110,'Analgesico'),(43,'Clopidogrel',118.15,'Tabletas de 75mg','Anticoagulante y antiagregante plaquetario',210,'Anticoagulante'),(44,'Atomoxetina',197.2,'Cápsulas de 25mg','Tratamiento del trastorno por déficit de atención e hiperactividad (TDAH)',190,'Antibiotico'),(45,'Clindamicina',184.6,'Cápsulas de 300mg','Antibiótico para infecciones bacterianas',180,'Antibiotico'),(46,'Metilprednisolona',151.5,'Inyectable de 40mg/ml','Antiinflamatorio',170,'Antiinflamatorio'),(47,'Fenitoína',72.3,'Cápsulas de 100mg','Antiepiléptico',190,'Antiepileptico'),(48,'Amantadina',153.6,'Cápsulas de 100mg','Antiviral y tratamiento del Parkinson',160,'Antivirico'),(49,'Clozapina',231.9,'Tabletas de 100mg','Antipsicótico para trastornos psicóticos',170,'Antipsicotico'),(50,'Fenobarbital',94.8,'Tabletas de 30mg','Antiepiléptico y sedante',190,'Antiepileptico'),(51,'Valproato de sodio',118.75,'Tabletas de 200mg','Antiepiléptico y estabilizador del estado de ánimo',180,'Antiepileptico'),(52,'Rivaroxaban',273.45,'Tabletas de 20mg','Anticoagulante',150,'Anticoagulante'),(53,'Colchicina',239.4,'Tabletas de 0.5mg','Antiinflamatorio para la gota',200,'Antiinflamatorio'),(54,'Fexofenadina',313.6,'Tabletas de 120mg','Antihistamínico para alergias',210,'Antihistaminico'),(55,'Ezetimiba',214.8,'Tabletas de 10mg','Reducción del colesterol',190,'Antilipidico'),(56,'Tamsulosina',349.6,'Cápsulas de liberación prolongada de 0.4mg','Tratamiento de la hiperplasia prostática benigna',200,'Ansiolitico'),(57,'Celecoxib',412.3,'Cápsulas de 200mg','Antiinflamatorio para el dolor y la inflamación',180,'Antiinflamatorio'),(58,'Ranitidina',558.9,'Solución oral de 150mg/10ml','Tratamiento de úlceras y reflujo ácido',190,'Antiacido'),(59,'Rifampicina',93.5,'Cápsulas de 300mg','Antibiótico para infecciones bacterianas',180,'Antibiotico'),(60,'Nitrofurantoína',133.75,'Cápsulas de 100mg','Antibiótico para infecciones urinarias',200,'Antibiotico'),(61,'Dapagliflozina',243.4,'Tabletas de 10mg','Control de la glucosa en pacientes diabéticos',220,'Antidiabetico'),(62,'Dapsona',144.6,'Tabletas de 100mg','Tratamiento de la lepra y dermatitis herpetiforme',190,'Antibiotico'),(63,'Bisoprolol',78.9,'Tabletas de 5mg','Tratamiento de la presión arterial alta y la insuficiencia cardíaca',180,'Antihipertensivo'),(64,'Linagliptina',271.8,'Tabletas de 5mg','Control de la glucosa en pacientes diabéticos',190,'Antidiabetico'),(65,'Sitagliptina',48.9,'Tabletas de 100mg','Control de la glucosa en pacientes diabéticos',180,'Antidiabetico'),(66,'Desvenlafaxina',73.1,'Tabletas de liberación prolongada de 50mg','Antidepresivo',170,'Antidepresivo'),(67,'Ivermectina',185.5,'Tabletas de 6mg','Antiparasitario',160,'Antiparasitario'),(68,'Zafirlukast',219.6,'Tabletas de 20mg','Tratamiento del asma y la rinitis alérgica',90,'Antiasmatico'),(69,'Doxazosina',411.4,'Tabletas de 2mg','Tratamiento de la presión arterial alta y los síntomas urinarios asociados con la hiperplasia prostática benigna',80,'Antihipertensivo'),(70,'Mometasona',121.7,'Spray nasal de 50mcg/dosis','Corticosteroide para la rinitis alérgica',50,'Antialergico'),(71,'Acetaminofén',25,'Tabletas de 500mg','Alivio del dolor y reducción de la fiebre',210,'Antipiretico'),(72,'Aspirina',12,'Tabletas de 500mg','Alivio del dolor y reducción de la fiebre',300,'Analgesico'),(73,'Diclofenaco',20,'Tabletas de 50mg','Alivio del dolor y la inflamación',200,'Antiinflamatorio'),(74,'Ketorolaco',22,'Tabletas de 10mg','Alivio del dolor moderado a severo',180,'Analgesico'),(75,'Nimesulida',18,'Tabletas de 100mg','Alivio del dolor y la inflamación',150,'Antiinflamatorio'),(76,'Amlodipino',15,'Tabletas de 5mg','Tratamiento de la hipertensión',190,'Antihipertensivo'),(77,'Losartán',25,'Tabletas de 50mg','Tratamiento de la hipertensión',170,'Antihipertensivo'),(78,'Enalapril',30,'Tabletas de 10mg','Tratamiento de la hipertensión',160,'Antihipertensivo'),(79,'Candesartán',35,'Tabletas de 8mg','Tratamiento de la hipertensión',140,'Antihipertensivo'),(80,'Metoprolol',28,'Tabletas de 100mg','Tratamiento de la hipertensión',130,'Antihipertensivo'),(81,'Propranolol',20,'Tabletas de 40mg','Tratamiento de la hipertensión',110,'Antihipertensivo'),(82,'Atorvastatina',40,'Tabletas de 20mg','Reducción del colesterol',200,'Antilipidico'),(83,'Rosuvastatina',45,'Tabletas de 10mg','Reducción del colesterol',180,'Antilipidico'),(84,'Simvastatina',35,'Tabletas de 20mg','Reducción del colesterol',170,'Antilipidico'),(85,'Pravastatina',32,'Tabletas de 40mg','Reducción del colesterol',160,'Antilipidico'),(86,'Lovastatina',30,'Tabletas de 20mg','Reducción del colesterol',150,'Antilipidico'),(87,'Fluvastatina',38,'Tabletas de 80mg','Reducción del colesterol',140,'Antilipidico'),(88,'Fenofibrato',50,'Tabletas de 160mg','Reducción del colesterol y triglicéridos',130,'Antilipidico'),(89,'Gemfibrozil',45,'Tabletas de 600mg','Reducción de triglicéridos',120,'Antilipidico'),(90,'Ezetimiba',55,'Tabletas de 10mg','Reducción del colesterol',110,'Antilipidico'),(91,'Levotiroxina',20,'Tabletas de 50mcg','Tratamiento del hipotiroidismo',200,'Hormonal'),(92,'Liotironina',25,'Tabletas de 25mcg','Tratamiento del hipotiroidismo',180,'Hormonal'),(93,'Bromocriptina',30,'Tabletas de 2.5mg','Tratamiento de la hiperprolactinemia',170,'Hormonal'),(94,'Metformina',15,'Tabletas de 850mg','Control de la glucosa en diabetes',160,'Antidiabetico'),(95,'Glibenclamida',18,'Tabletas de 5mg','Control de la glucosa en diabetes',150,'Antidiabetico'),(96,'Gliclazida',20,'Tabletas de 30mg','Control de la glucosa en diabetes',140,'Antidiabetico'),(97,'Pioglitazona',25,'Tabletas de 30mg','Control de la glucosa en diabetes',130,'Antidiabetico'),(98,'Saxagliptina',30,'Tabletas de 5mg','Control de la glucosa en diabetes',120,'Antidiabetico'),(99,'Linagliptina',35,'Tabletas de 5mg','Control de la glucosa en diabetes',110,'Antidiabetico'),(100,'Liraglutida',45,'Solución inyectable de 6mg/ml','Control de la glucosa en diabetes',100,'Antidiabetico'),(101,'Exenatida',40,'Solución inyectable de 5mcg/dosis','Control de la glucosa en diabetes',90,'Antidiabetico'),(102,'Dulaglutida',50,'Solución inyectable de 0.75mg/dosis','Control de la glucosa en diabetes',80,'Antidiabetico'),(103,'Insulina Glargina',60,'Solución inyectable de 100U/ml','Control de la glucosa en diabetes',70,'Antidiabetico'),(104,'Insulina Lispro',55,'Solución inyectable de 100U/ml','Control de la glucosa en diabetes',60,'Antidiabetico'),(105,'Insulina Aspart',58,'Solución inyectable de 100U/ml','Control de la glucosa en diabetes',50,'Antidiabetico'),(106,'Insulina NPH',52,'Suspensión inyectable de 100U/ml','Control de la glucosa en diabetes',40,'Antidiabetico'),(107,'Insulina Regular',48,'Solución inyectable de 100U/ml','Control de la glucosa en diabetes',30,'Antidiabetico'),(108,'Carbamazepina',25,'Tabletas de 200mg','Tratamiento de la epilepsia',200,'Antiepileptico'),(109,'Valproato de sodio',28,'Tabletas de 500mg','Tratamiento de la epilepsia',190,'Antiepileptico'),(110,'Topiramato',30,'Tabletas de 100mg','Tratamiento de la epilepsia',180,'Antiepileptico'),(111,'Lamotrigina',35,'Tabletas de 100mg','Tratamiento de la epilepsia',170,'Antiepileptico'),(112,'Levetiracetam',38,'Tabletas de 500mg','Tratamiento de la epilepsia',160,'Antiepileptico'),(113,'Oxcarbazepina',40,'Tabletas de 600mg','Tratamiento de la epilepsia',150,'Antiepileptico'),(114,'Gabapentina',42,'Cápsulas de 300mg','Tratamiento de la epilepsia',140,'Antiepileptico'),(115,'Pregabalina',45,'Cápsulas de 75mg','Tratamiento de la epilepsia',130,'Antiepileptico'),(116,'Fenitoína',22,'Tabletas de 100mg','Tratamiento de la epilepsia',200,'Antiepileptico'),(117,'Primidona',25,'Tabletas de 250mg','Tratamiento de la epilepsia',190,'Antiepileptico'),(118,'Etosuximida',28,'Cápsulas de 250mg','Tratamiento de la epilepsia',180,'Antiepileptico'),(119,'Clobazam',30,'Tabletas de 10mg','Tratamiento de la epilepsia',170,'Antiepileptico'),(120,'Diazepam',35,'Tabletas de 5mg','Tratamiento de la epilepsia',150,'Antiepileptico'),(121,'Lorazepam',38,'Tabletas de 1mg','Tratamiento de la epilepsia',140,'Antiepileptico'),(122,'Midazolam',40,'Solución inyectable de 5mg/ml','Sedación y tratamiento de convulsiones',130,'Antiepileptico'),(123,'Clorpromazina',25,'Tabletas de 100mg','Antipsicótico para trastornos psicóticos',200,'Antipsicotico'),(124,'Haloperidol',28,'Tabletas de 5mg','Antipsicótico para trastornos psicóticos',190,'Antipsicotico'),(125,'Olanzapina',30,'Tabletas de 10mg','Antipsicótico para trastornos psicóticos',180,'Antipsicotico'),(126,'Quetiapina',35,'Tabletas de 200mg','Antipsicótico para trastornos psicóticos',170,'Antipsicotico'),(127,'Risperidona',38,'Tabletas de 2mg','Antipsicótico para trastornos psicóticos',160,'Antipsicotico'),(128,'Ziprasidona',40,'Cápsulas de 40mg','Antipsicótico para trastornos psicóticos',150,'Antipsicotico'),(129,'Aripiprazol',45,'Tabletas de 10mg','Antipsicótico para trastornos psicóticos',140,'Antipsicotico'),(130,'Lurasidona',48,'Tabletas de 40mg','Antipsicótico para trastornos psicóticos',130,'Antipsicotico'),(131,'Paliperidona',50,'Tabletas de liberación prolongada de 6mg','Antipsicótico para trastornos psicóticos',120,'Antipsicotico'),(132,'Bromazepam',22,'Tabletas de 3mg','Tratamiento de la ansiedad',200,'Ansiolitico'),(133,'Diazepam',30,'Tabletas de 5mg','Tratamiento de la ansiedad',170,'Ansiolitico'),(134,'Alprazolam',38,'Tabletas de 0.5mg','Tratamiento de la ansiedad',150,'Ansiolitico'),(135,'Oxazepam',40,'Tabletas de 10mg','Tratamiento de la ansiedad',140,'Ansiolitico'),(136,'Chlordiazepoxide',45,'Tabletas de 10mg','Tratamiento de la ansiedad',130,'Ansiolitico'),(137,'Buspirona',48,'Tabletas de 10mg','Tratamiento de la ansiedad',120,'Ansiolitico'),(138,'Sertralina',25,'Tabletas de 50mg','Antidepresivo',200,'Antidepresivo'),(139,'Fluoxetina',28,'Cápsulas de 20mg','Antidepresivo',190,'Antidepresivo'),(140,'Paroxetina',30,'Tabletas de 20mg','Antidepresivo',180,'Antidepresivo'),(141,'Escitalopram',35,'Tabletas de 10mg','Antidepresivo',170,'Antidepresivo'),(142,'Citalopram',38,'Tabletas de 20mg','Antidepresivo',160,'Antidepresivo'),(143,'Venlafaxina',40,'Cápsulas de liberación prolongada de 75mg','Antidepresivo',150,'Antidepresivo'),(144,'Duloxetina',45,'Cápsulas de 60mg','Antidepresivo',140,'Antidepresivo'),(145,'Bupropión',48,'Tabletas de liberación prolongada de 150mg','Antidepresivo',130,'Antidepresivo'),(146,'Mirtazapina',50,'Tabletas de 30mg','Antidepresivo',120,'Antidepresivo'),(147,'Trazodona',22,'Tabletas de 50mg','Antidepresivo',200,'Antidepresivo'),(148,'Lamotrigina',25,'Tabletas de 100mg','Tratamiento de la epilepsia',190,'Antiepileptico'),(149,'Valproato de sodio',28,'Tabletas de 500mg','Tratamiento de la epilepsia',180,'Antiepileptico'),(150,'Topiramato',30,'Tabletas de 100mg','Tratamiento de la epilepsia',170,'Antiepileptico'),(151,'Levetiracetam',35,'Tabletas de 500mg','Tratamiento de la epilepsia',160,'Antiepileptico'),(152,'Oxcarbazepina',38,'Tabletas de 600mg','Tratamiento de la epilepsia',150,'Antiepileptico'),(153,'Gabapentina',40,'Cápsulas de 300mg','Tratamiento de la epilepsia',140,'Antiepileptico'),(154,'Pregabalina',45,'Cápsulas de 75mg','Tratamiento de la epilepsia',130,'Antiepileptico'),(155,'Fenitoína',22,'Tabletas de 100mg','Tratamiento de la epilepsia',200,'Antiepileptico'),(156,'Primidona',25,'Tabletas de 250mg','Tratamiento de la epilepsia',190,'Antiepileptico'),(157,'Etosuximida',28,'Cápsulas de 250mg','Tratamiento de la epilepsia',180,'Antiepileptico'),(158,'Diazepam',35,'Tabletas de 5mg','Tratamiento de la epilepsia',150,'Antiepileptico'),(159,'Midazolam',40,'Solución inyectable de 5mg/ml','Sedación y tratamiento de convulsiones',130,'Antiepileptico'),(160,'Clorpromazina',25,'Tabletas de 100mg','Antipsicótico para trastornos psicóticos',200,'Antipsicotico'),(161,'Haloperidol',28,'Tabletas de 5mg','Antipsicótico para trastornos psicóticos',190,'Antipsicotico'),(162,'Olanzapina',30,'Tabletas de 10mg','Antipsicótico para trastornos psicóticos',180,'Antipsicotico'),(163,'Quetiapina',35,'Tabletas de 200mg','Antipsicótico para trastornos psicóticos',170,'Antipsicotico'),(164,'Risperidona',38,'Tabletas de 2mg','Antipsicótico para trastornos psicóticos',160,'Antipsicotico'),(165,'Ziprasidona',40,'Cápsulas de 40mg','Antipsicótico para trastornos psicóticos',150,'Antipsicotico'),(166,'Aripiprazol',45,'Tabletas de 10mg','Antipsicótico para trastornos psicóticos',140,'Antipsicotico'),(167,'Lurasidona',48,'Tabletas de 40mg','Antipsicótico para trastornos psicóticos',130,'Antipsicotico'),(168,'Carvedilol',31.5,'Tabletas de 6.25mg','Tratamiento de la insuficiencia cardíaca',140,'Antihipertensivo'),(169,'Nebivolol',35.2,'Tabletas de 5mg','Tratamiento de la hipertensión',120,'Antihipertensivo'),(170,'Ramipril',28.1,'Cápsulas de 10mg','Tratamiento de la hipertensión',150,'Antihipertensivo'),(171,'Enalapril',26.8,'Tabletas de 20mg','Tratamiento de la hipertensión',130,'Antihipertensivo'),(172,'Perindopril',32.4,'Tabletas de 4mg','Tratamiento de la hipertensión',140,'Antihipertensivo'),(173,'Quinapril',27.3,'Tabletas de 20mg','Tratamiento de la hipertensión',150,'Antihipertensivo'),(174,'Lisinopril',29.5,'Tabletas de 10mg','Tratamiento de la hipertensión',170,'Antihipertensivo'),(175,'Trandolapril',34.2,'Cápsulas de 2mg','Tratamiento de la hipertensión',140,'Antihipertensivo'),(176,'Candesartan',36.1,'Tabletas de 8mg','Tratamiento de la hipertensión',160,'Antihipertensivo'),(177,'Telmisartan',38.5,'Tabletas de 40mg','Tratamiento de la hipertensión',150,'Antihipertensivo'),(178,'Irbesartan',33.4,'Tabletas de 150mg','Tratamiento de la hipertensión',140,'Antihipertensivo'),(179,'Valsartan',30.2,'Tabletas de 80mg','Tratamiento de la hipertensión',130,'Antihipertensivo'),(180,'Olmesartan',37.8,'Tabletas de 20mg','Tratamiento de la hipertensión',160,'Antihipertensivo'),(181,'Eprosartan',35.6,'Tabletas de 600mg','Tratamiento de la hipertensión',140,'Antihipertensivo'),(182,'Azilsartan',39.2,'Tabletas de 40mg','Tratamiento de la hipertensión',150,'Antihipertensivo'),(183,'Chlortalidona',26.9,'Tabletas de 50mg','Tratamiento de la hipertensión',170,'Antihipertensivo'),(184,'Indapamida',32.6,'Tabletas de 1.5mg','Tratamiento de la hipertensión',140,'Antihipertensivo'),(185,'Hidroclorotiazida',28.5,'Tabletas de 25mg','Tratamiento de la hipertensión',150,'Antihipertensivo'),(186,'Furosemida',25.4,'Tabletas de 40mg','Tratamiento de la hipertensión',160,'Antihipertensivo'),(187,'Espironolactona',31.2,'Tabletas de 25mg','Tratamiento de la hipertensión',140,'Antihipertensivo'),(188,'Amilorida',33.8,'Tabletas de 5mg','Tratamiento de la hipertensión',150,'Antihipertensivo'),(189,'Metolazona',30.4,'Tabletas de 2.5mg','Tratamiento de la hipertensión',160,'Antihipertensivo'),(190,'Dorzolamida',32.7,'Solución oftálmica de 2%','Tratamiento de la presión intraocular',140,'Antiglaucoma'),(191,'Brinzolamida',35.5,'Suspensión oftálmica de 1%','Tratamiento de la presión intraocular',150,'Antiglaucoma'),(192,'Betaxolol',29.6,'Solución oftálmica de 0.5%','Tratamiento de la presión intraocular',160,'Antiglaucoma'),(193,'Timolol',27.4,'Solución oftálmica de 0.25%','Tratamiento de la presión intraocular',150,'Antiglaucoma'),(194,'Latanoprost',33.2,'Solución oftálmica de 0.005%','Tratamiento de la presión intraocular',140,'Antiglaucoma'),(195,'Travoprost',35.8,'Solución oftálmica de 0.004%','Tratamiento de la presión intraocular',130,'Antiglaucoma'),(196,'Bimatoprost',39.5,'Solución oftálmica de 0.03%','Tratamiento de la presión intraocular',150,'Antiglaucoma'),(197,'Unoprostone',37.2,'Solución oftálmica de 0.15%','Tratamiento de la presión intraocular',160,'Antiglaucoma'),(198,'Moxifloxacino',41.2,'Solución oftálmica de 0.5%','Tratamiento de infecciones bacterianas oculares',170,'Antibiotico'),(199,'Gatifloxacino',39.8,'Solución oftálmica de 0.3%','Tratamiento de infecciones bacterianas oculares',140,'Antibiotico'),(200,'Besifloxacino',43.7,'Suspensión oftálmica de 0.6%','Tratamiento de infecciones bacterianas oculares',150,'Antibiotico'),(201,'Tobramicina',38.3,'Solución oftálmica de 0.3%','Tratamiento de infecciones bacterianas oculares',160,'Antibiotico'),(202,'Neomicina',35.2,'Solución oftálmica de 0.5%','Tratamiento de infecciones bacterianas oculares',140,'Antibiotico'),(203,'Gentamicina',37.6,'Solución oftálmica de 0.3%','Tratamiento de infecciones bacterianas oculares',150,'Antibiotico'),(204,'Ciprofloxacino',40.3,'Solución oftálmica de 0.3%','Tratamiento de infecciones bacterianas oculares',160,'Antibiotico'),(205,'Ofloxacino',42.5,'Solución oftálmica de 0.3%','Tratamiento de infecciones bacterianas oculares',170,'Antibiotico'),(206,'Azitromicina',45.2,'Suspensión oftálmica de 1%','Tratamiento de infecciones bacterianas oculares',150,'Antibiotico'),(207,'Levofloxacino',43.8,'Solución oftálmica de 0.5%','Tratamiento de infecciones bacterianas oculares',140,'Antibiotico'),(208,'Polimixina B',30.5,'Solución oftálmica de 10,000 U/ml','Tratamiento de infecciones bacterianas oculares',130,'Antibiotico'),(209,'Tetraciclina',28.3,'Pomada oftálmica de 1%','Tratamiento de infecciones bacterianas oculares',160,'Antibiotico'),(210,'Norfloxacino',32.2,'Solución oftálmica de 0.3%','Tratamiento de infecciones bacterianas oculares',170,'Antibiotico'),(211,'Cloranfenicol',29.4,'Solución oftálmica de 0.5%','Tratamiento de infecciones bacterianas oculares',140,'Antibiotico'),(212,'Aciclovir',38.4,'Pomada oftálmica de 3%','Tratamiento de infecciones virales oculares',150,'Antivirico'),(213,'Ganciclovir',40.7,'Gel oftálmico de 0.15%','Tratamiento de infecciones virales oculares',160,'Antivirico'),(214,'Vidarabina',35.2,'Pomada oftálmica de 3%','Tratamiento de infecciones virales oculares',140,'Antivirico'),(215,'Foscarnet',42.8,'Solución oftálmica de 0.1%','Tratamiento de infecciones virales oculares',150,'Antivirico'),(216,'Sulfametoxazol/Trimetoprima',23.75,'Tabletas de 800/160mg','Antibiótico para infecciones bacterianas',180,'Antibiotico'),(217,'Clarithromycin',48.9,'Tabletas de 500mg','Antibiótico para infecciones bacterianas',160,'Antibiotico'),(218,'Azithromycin',42.1,'Tabletas de 250mg','Antibiótico para infecciones bacterianas',170,'Antibiotico'),(219,'Cefuroxima',51.8,'Tabletas de 500mg','Antibiótico para infecciones bacterianas',130,'Antibiotico'),(220,'Ceftriaxona',92.5,'Inyectable de 1g','Antibiótico para infecciones bacterianas',110,'Antibiotico'),(221,'Cefixima',61.4,'Tabletas de 200mg','Antibiótico para infecciones bacterianas',140,'Antibiotico'),(222,'Linezolid',130.7,'Tabletas de 600mg','Antibiótico para infecciones bacterianas',120,'Antibiotico'),(223,'Clindamicina',58.9,'Cápsulas de 150mg','Antibiótico para infecciones bacterianas',150,'Antibiotico'),(224,'Eritromicina',49.75,'Tabletas de 500mg','Antibiótico para infecciones bacterianas',170,'Antibiotico'),(225,'Nistatina',32.1,'Suspensión oral de 100,000 U/ml','Antifúngico para infecciones por hongos',140,'Antifungico'),(226,'Ketoconazol',43.5,'Tabletas de 200mg','Antifúngico para infecciones por hongos',130,'Antifungico'),(227,'Terbinafina',47.3,'Tabletas de 250mg','Antifúngico para infecciones por hongos',160,'Antifungico'),(228,'Itraconazol',55.8,'Cápsulas de 100mg','Antifúngico para infecciones por hongos',140,'Antifungico'),(229,'Voriconazol',135.2,'Tabletas de 200mg','Antifúngico para infecciones por hongos',100,'Antifungico'),(230,'Micafungina',220.7,'Inyectable de 100mg','Antifúngico para infecciones por hongos',90,'Antifungico'),(231,'Caspofungina',210.3,'Inyectable de 70mg','Antifúngico para infecciones por hongos',110,'Antifungico'),(232,'Posaconazol',198.7,'Suspensión oral de 40mg/ml','Antifúngico para infecciones por hongos',80,'Antifungico'),(233,'Amfotericina B',180.5,'Inyectable de 50mg','Antifúngico para infecciones por hongos',60,'Antifungico'),(234,'Ribavirina',102.4,'Cápsulas de 200mg','Antiviral para infecciones virales',120,'Antivirico'),(235,'Oseltamivir',85.9,'Cápsulas de 75mg','Antiviral para infecciones virales',150,'Antivirico'),(236,'Valaciclovir',97.7,'Tabletas de 500mg','Antiviral para infecciones virales',130,'Antivirico'),(237,'Lamivudina',110.2,'Tabletas de 150mg','Antiviral para infecciones virales',140,'Antivirico'),(238,'Abacavir',120.6,'Tabletas de 300mg','Antiviral para infecciones virales',100,'Antivirico'),(239,'Efavirenz',130.5,'Cápsulas de 600mg','Antiviral para infecciones virales',110,'Antivirico'),(240,'Tenofovir',140.3,'Tabletas de 300mg','Antiviral para infecciones virales',80,'Antivirico'),(241,'Entecavir',150.2,'Tabletas de 0.5mg','Antiviral para infecciones virales',90,'Antivirico'),(242,'Dolutegravir',160.4,'Tabletas de 50mg','Antiviral para infecciones virales',70,'Antivirico'),(243,'Darunavir',180.9,'Tabletas de 800mg','Antiviral para infecciones virales',60,'Antivirico'),(244,'Raltegravir',170.8,'Tabletas de 400mg','Antiviral para infecciones virales',50,'Antivirico'),(245,'Elvitegravir',190.7,'Tabletas de 150mg','Antiviral para infecciones virales',40,'Antivirico'),(246,'Ibuprofeno',23.5,'Tabletas de 400mg','Antiinflamatorio para el dolor y la fiebre',190,'Antiinflamatorio'),(247,'Diclofenaco',25.8,'Tabletas de 50mg','Antiinflamatorio para el dolor y la inflamación',160,'Antiinflamatorio'),(248,'Piroxicam',30.2,'Cápsulas de 20mg','Antiinflamatorio para el dolor y la inflamación',150,'Antiinflamatorio'),(249,'Indometacina',28.7,'Cápsulas de 25mg','Antiinflamatorio para el dolor y la inflamación',130,'Antiinflamatorio'),(250,'Meloxicam',35.6,'Tabletas de 15mg','Antiinflamatorio para el dolor y la inflamación',120,'Antiinflamatorio'),(251,'Nabumetona',33.4,'Tabletas de 500mg','Antiinflamatorio para el dolor y la inflamación',140,'Antiinflamatorio'),(252,'Etoricoxib',38.2,'Tabletas de 90mg','Antiinflamatorio para el dolor y la inflamación',110,'Antiinflamatorio'),(253,'Celecoxib',40.5,'Cápsulas de 200mg','Antiinflamatorio para el dolor y la inflamación',100,'Antiinflamatorio'),(254,'Rofecoxib',45.6,'Tabletas de 25mg','Antiinflamatorio para el dolor y la inflamación',90,'Antiinflamatorio'),(255,'Fenofibrato',48.7,'Tabletas de 145mg','Reducción del colesterol y triglicéridos',140,'Antilipemico'),(256,'Atorvastatina',30.4,'Tabletas de 20mg','Reducción del colesterol',150,'Antilipemico'),(257,'Rosuvastatina',32.6,'Tabletas de 10mg','Reducción del colesterol',160,'Antilipemico'),(258,'Simvastatina',28.4,'Tabletas de 40mg','Reducción del colesterol',130,'Antilipemico'),(259,'Pravastatina',34.5,'Tabletas de 20mg','Reducción del colesterol',120,'Antilipemico'),(260,'Pitavastatina',38.8,'Tabletas de 2mg','Reducción del colesterol',110,'Antilipemico'),(261,'Fluvastatina',29.2,'Tabletas de 80mg','Reducción del colesterol',100,'Antilipemico'),(262,'Gemfibrozilo',33.6,'Tabletas de 600mg','Reducción del colesterol y triglicéridos',90,'Antilipemico'),(263,'Niacina',25.2,'Tabletas de 500mg','Reducción del colesterol',160,'Antilipemico'),(264,'Ezetimiba',28.8,'Tabletas de 10mg','Reducción del colesterol',140,'Antilipemico'),(265,'Levomepromazina',47.9,'Tabletas de 25mg','Antipsicótico para trastornos psicóticos',200,'Antipsicotico'),(266,'Ziprasidona',80.6,'Cápsulas de 40mg','Antipsicótico para trastornos psicóticos',170,'Antipsicotico'),(267,'Risperidona',100.3,'Tabletas de 1mg','Antipsicótico para trastornos psicóticos',190,'Antipsicotico'),(268,'Haloperidol',40.6,'Tabletas de 5mg','Antipsicótico para trastornos psicóticos',210,'Antipsicotico'),(269,'Clorpromazina',35.9,'Tabletas de 25mg','Antipsicótico para trastornos psicóticos',190,'Antipsicotico'),(270,'Paliperidona',96.2,'Tabletas de liberación prolongada de 3mg','Antipsicótico para trastornos psicóticos',200,'Antipsicotico'),(271,'Olanzapina',75.4,'Tabletas de 10mg','Antipsicótico para trastornos psicóticos',160,'Antipsicotico'),(272,'Lurasidona',86.8,'Tabletas de 40mg','Antipsicótico para trastornos psicóticos',170,'Antipsicotico'),(273,'Risperidona',110.9,'Tabletas de 2mg','Antipsicótico para trastornos psicóticos',190,'Antipsicotico'),(274,'Olanzapina',82.4,'Tabletas de 15mg','Antipsicótico para trastornos psicóticos',220,'Antipsicotico'),(275,'Quetiapina',118.3,'Tabletas de liberación prolongada de 300mg','Antipsicótico para trastornos psicóticos',280,'Antipsicotico'),(276,'Simvastatina',38.6,'Tabletas de 20mg','Reducción del colesterol',200,'Antilipidico'),(277,'Paroxetina',55.8,'Tabletas de 20mg','Tratamiento de la depresión',180,'Antidepresivo'),(278,'Alprazolam',40.3,'Tabletas de 0.5mg','Tratamiento de la ansiedad',160,'Ansiolitico'),(279,'Risperidona',65.9,'Tabletas de 1mg','Tratamiento de trastornos psicóticos',150,'Antipsicotico'),(280,'Aspirina',10.25,'Tabletas de 100mg','Alivio del dolor y reducción de la inflamación',220,'Analgesico'),(281,'Penicilina',45.8,'Cápsulas de 500mg','Antibiótico para infecciones bacterianas',110,'Antibiotico'),(282,'Atorvastatina',40.8,'Tabletas de 10mg','Reducción del colesterol',200,'Antilipidico'),(283,'Fluoxetina',60.2,'Tabletas de 20mg','Tratamiento de la depresión',160,'Antidepresivo'),(284,'Clonazepam',50.45,'Tabletas de 0.5mg','Tratamiento de la ansiedad',140,'Ansiolitico'),(285,'Clozapina',70.9,'Tabletas de 25mg','Tratamiento de trastornos psicóticos',120,'Antipsicotico'),(286,'Naproxeno',25.99,'Tabletas de 250mg','Alivio del dolor y reducción de la inflamación',180,'Antiinflamatorio'),(287,'Ciprofloxacino',45.6,'Cápsulas de 500mg','Antibiótico para infecciones bacterianas',90,'Antibiotico'),(288,'Diphenhydramine',12.4,'Tabletas de 25mg','Alivio de síntomas de alergias',200,'Antihistaminico'),(289,'Terbinafina',35.9,'Tabletas de 250mg','Tratamiento de infecciones por hongos',150,'Antifungico'),(290,'Aciclovir',28.6,'Tabletas de 200mg','Tratamiento de infecciones virales',140,'Antiviral'),(291,'Diazepam',48.3,'Tabletas de 5mg','Tratamiento de la ansiedad',120,'Ansiolitico'),(292,'Haloperidol',55.7,'Tabletas de 2mg','Tratamiento de trastornos psicóticos',130,'Antipsicotico'),(293,'Acetaminofén',11.75,'Tabletas de 500mg','Alivio del dolor y reducción de la fiebre',190,'Antipiretico'),(294,'Cefalexina',38.9,'Cápsulas de 500mg','Antibiótico para infecciones bacterianas',120,'Antibiotico'),(295,'Acetaminofeno',12.5,'Tabletas de 500mg','Alivio del dolor y reducción de la fiebre',200,'Antipiretico'),(296,'Dipirona',18.75,'Tabletas de 500mg','Alivio del dolor y reducción de la fiebre',180,'Analgesico'),(297,'Ciprofloxacina',32.8,'Tabletas de 500mg','Antibiótico para infecciones bacterianas',150,'Antibiotico'),(298,'Fluconazol',40.2,'Cápsulas de 150mg','Antifúngico para infecciones por hongos',160,'Antifungico'),(299,'Oseltamivir',75.6,'Cápsulas de 75mg','Tratamiento de influenza (gripe)',170,'Antiviral'),(300,'Aciclovir',35.4,'Tabletas de 200mg','Tratamiento de infecciones por herpes',190,'Antiviral'),(301,'Metronidazol',20.3,'Tabletas de 500mg','Antibiótico para infecciones bacterianas y parasitarias',160,'Antibiotico'),(302,'Fexofenadina',14.9,'Tabletas de 120mg','Antihistamínico para alivio de alergias',200,'Antihistaminico'),(303,'Desloratadina',28.75,'Tabletas de 5mg','Alivio de síntomas alérgicos como la rinitis',220,'Antihistaminico'),(304,'Loperamida',19.6,'Cápsulas de 2mg','Control de la diarrea aguda',190,'Antidiarreico'),(305,'Lisinopril',30.4,'Tabletas de 10mg','Control de la presión arterial alta',180,'Antihipertensivo'),(306,'Sertralina',45.8,'Tabletas de 50mg','Tratamiento de la depresión y trastornos de ansiedad',180,'Antidepresivo'),(307,'Clonazepam',38.9,'Tabletas de 0.5mg','Control de ataques de pánico y ansiedad',170,'Ansiolitico'),(308,'Olanzapina',60.2,'Tabletas de 5mg','Tratamiento de esquizofrenia y trastorno bipolar',160,'Antipsicotico'),(309,'Acetaminofeno',13.2,'Tabletas de 500mg','Alivio del dolor y reducción de la fiebre',190,'Antipiretico'),(310,'Dipirona',19.4,'Tabletas de 500mg','Alivio del dolor y reducción de la fiebre',180,'Analgesico'),(311,'Ciprofloxacina',33.9,'Tabletas de 500mg','Antibiótico para infecciones bacterianas',140,'Antibiotico'),(312,'Fluconazol',39.8,'Cápsulas de 150mg','Antifúngico para infecciones por hongos',170,'Antifungico'),(313,'Oseltamivir',74.25,'Cápsulas de 75mg','Tratamiento de influenza (gripe)',160,'Antiviral'),(314,'Aciclovir',36.8,'Tabletas de 200mg','Tratamiento de infecciones por herpes',180,'Antiviral'),(315,'Metronidazol',21.9,'Tabletas de 500mg','Antibiótico para infecciones bacterianas y parasitarias',150,'Antibiotico'),(316,'Ranitidina',23.5,'Tabletas de 150mg','Reducción del ácido gástrico en el estómago',160,'Gastrointestinal'),(317,'Fexofenadina',15.8,'Tabletas de 120mg','Antihistamínico para alivio de alergias',190,'Antihistamínico'),(318,'Desloratadina',29.6,'Tabletas de 5mg','Alivio de síntomas alérgicos como la rinitis',200,'Antihistaminico'),(319,'Loperamida',20.75,'Cápsulas de 2mg','Control de la diarrea aguda',180,'Antidiarreico'),(320,'Lisinopril',31.6,'Tabletas de 10mg','Control de la presión arterial alta',190,'Antihipertensivo'),(321,'Sertralina',46.6,'Tabletas de 50mg','Tratamiento de la depresión y trastornos de ansiedad',210,'Antidepresivo'),(322,'Clonazepam',39.8,'Tabletas de 0.5mg','Control de ataques de pánico y ansiedad',200,'Ansiolitico'),(323,'Olanzapina',61.9,'Tabletas de 5mg','Tratamiento de esquizofrenia y trastorno bipolar',190,'Antipsicotico'),(324,'Ezetimiba',214.8,'Tabletas de 10mg','Reducción del colesterol',190,'Antilipidico'),(325,'Tamsulosina',349.6,'Cápsulas de liberación prolongada de 0.4mg','Tratamiento de la hiperplasia prostática benigna',200,'Antihipertensivo'),(326,'Celecoxib',412.3,'Cápsulas de 200mg','Antiinflamatorio para el dolor y la inflamación',180,'Antiinflamatorio'),(327,'Ranitidina',558.9,'Solución oral de 150mg/10ml','Tratamiento de úlceras y reflujo ácido',190,'Antiacido'),(328,'Rifampicina',93.5,'Cápsulas de 300mg','Antibiótico para infecciones bacterianas',180,'Antibiotico'),(329,'Nitrofurantoína',133.75,'Cápsulas de 100mg','Antibiótico para infecciones urinarias',200,'Antibiotico'),(330,'Dapagliflozina',243.4,'Tabletas de 10mg','Control de la glucosa en pacientes diabéticos',220,'Antidiabetico'),(331,'Dapsona',144.6,'Tabletas de 100mg','Tratamiento de la lepra y dermatitis herpetiforme',190,'Antibiotico'),(332,'Bisoprolol',78.9,'Tabletas de 5mg','Tratamiento de la presión arterial alta y la insuficiencia cardíaca',180,'Antihipertensivo'),(333,'Linagliptina',271.8,'Tabletas de 5mg','Control de la glucosa en pacientes diabéticos',190,'Antidiabetico'),(334,'Sitagliptina',48.9,'Tabletas de 100mg','Control de la glucosa en pacientes diabéticos',180,'Antidiabetico'),(335,'Desvenlafaxina',73.1,'Tabletas de liberación prolongada de 50mg','Antidepresivo',170,'Antidepresivo'),(336,'Ibuprofeno',17.5,'Tabletas de 400mg','Alivio del dolor y reducción de la inflamación',180,'Antiinflamatorio'),(337,'Tramadol',25.75,'Cápsulas de 50mg','Analgésico para dolor moderado a severo',190,'Analgesico'),(338,'Clarithromycin',38.9,'Tabletas de 500mg','Antibiótico para infecciones bacterianas',170,'Antibiotico'),(339,'Ketoconazole',45.6,'Tabletas de 200mg','Antifúngico para infecciones por hongos',160,'Antifungico'),(340,'Zanamivir',78.25,'Inhalador de polvo','Prevención y tratamiento de la influenza',150,'Antiviral'),(341,'Valaciclovir',40.4,'Tabletas de 500mg','Tratamiento de infecciones por herpes',200,'Antiviral'),(342,'Levofloxacin',22.8,'Tabletas de 250mg','Antibiótico para infecciones bacterianas',180,'Antibiotico'),(343,'Cetirizine',12.8,'Tabletas de 10mg','Antihistamínico para alivio de alergias',200,'Antihistaminico'),(344,'Desloratadine',26.9,'Tabletas de 5mg','Alivio de síntomas alérgicos como la rinitis',220,'Antihistaminico'),(345,'Loperamide',18.2,'Cápsulas de 2mg','Control de la diarrea aguda',200,'Antidiarreico'),(346,'Enalapril',28.9,'Tabletas de 10mg','Control de la presión arterial alta',180,'Antihipertensivo'),(347,'Escitalopram',42.6,'Tabletas de 10mg','Tratamiento de la depresión y trastornos de ansiedad',200,'Antidepresivo'),(348,'Alprazolam',35.8,'Tabletas de 0.5mg','Control de ataques de pánico y ansiedad',200,'Ansiolitico'),(349,'Risperidone',61.9,'Tabletas de 1mg','Tratamiento de esquizofrenia y trastorno bipolar',190,'Antipsicotico'),(350,'Dexamethasone',15.8,'Tabletas de 4mg','Antiinflamatorio y supresor del sistema inmune',220,'Corticosteroide'),(351,'Diclofenac',30.9,'Tabletas de 50mg','Alivio del dolor y reducción de la inflamación',180,'Antiinflamatorio'),(352,'Metamizole',18.6,'Tabletas de 500mg','Analgésico para dolores moderados a severos',170,'Analgesico'),(353,'Azithromycin',35.9,'Tabletas de 500mg','Antibiótico para infecciones bacterianas',150,'Antibiotico'),(354,'Itraconazole',42.5,'Cápsulas de 100mg','Antifúngico para infecciones por hongos',140,'Antifungico'),(355,'Acyclovir',32.4,'Tabletas de 200mg','Tratamiento de infecciones por herpes',170,'Antiviral'),(356,'Doxycycline',25.6,'Tabletas de 100mg','Antibiótico para infecciones bacterianas',190,'Antibiotico'),(357,'Cetirizine',14.8,'Tabletas de 10mg','Antihistamínico para alivio de alergias',180,'Antihistaminico'),(358,'Levocetirizine',22.9,'Tabletas de 5mg','Alivio de síntomas alérgicos como la rinitis',200,'Antihistaminico'),(359,'Loperamide',19.4,'Cápsulas de 2mg','Control de la diarrea aguda',210,'Antidiarreico'),(360,'Sildenafil',70.3,'Tabletas de 50mg','Tratamiento de la disfunción eréctil',220,'Vasodilatador'),(361,'Lisinopril',29.9,'Tabletas de 10mg','Control de la presión arterial alta',190,'Antihipertensivo'),(362,'Rosuvastatin',52.6,'Tabletas de 10mg','Reducción del colesterol en sangre',200,'Hipolipemiante'),(363,'Escitalopram',44.8,'Tabletas de 10mg','Tratamiento de la depresión y trastornos de ansiedad',190,'Antidepresivo'),(364,'Alprazolam',38.2,'Tabletas de 0.5mg','Control de ataques de pánico y ansiedad',180,'Ansiolítico'),(365,'Risperidone',63.9,'Tabletas de 1mg','Tratamiento de esquizofrenia y trastorno bipolar',170,'Antipsicotico'),(366,'Naproxeno',21.5,'Tabletas de 500mg','Alivio del dolor y reducción de la inflamación',150,'Antiinflamatorio'),(367,'Codeína',30.75,'Tabletas de 30mg','Analgésico opioide para el dolor moderado a intenso',180,'Analgesico'),(368,'Ceftriaxona',48.9,'Inyección de 1g','Antibiótico para infecciones bacterianas graves',160,'Antibiotico'),(369,'Terbinafina',42.6,'Tabletas de 250mg','Antifúngico para infecciones por hongos',170,'Antifungico'),(370,'Famciclovir',80.25,'Tabletas de 500mg','Tratamiento de infecciones por herpes',190,'Antiviral'),(371,'Lopinavir/Ritonavir',125.6,'Tabletas de 200mg/50mg','Terapia antiviral para VIH',180,'Antiviral'),(372,'Ciprofloxacina',28.3,'Tabletas de 250mg','Antibiótico para infecciones bacterianas',190,'Antibiotico'),(373,'Levocetirizina',18.8,'Tabletas de 5mg','Antihistamínico para alivio de alergias',170,'Antihistaminico'),(374,'Fexofenadina',11.9,'Tabletas de 120mg','Alivio de síntomas alérgicos como la rinitis',160,'Antihistaminico'),(375,'Racecadotrilo',26.6,'Cápsulas de 100mg','Control de la diarrea aguda en niños',150,'Antidiarreico'),(376,'Amlodipino',32.9,'Tabletas de 5mg','Control de la presión arterial alta',130,'Antihipertensivo'),(377,'Amitriptilina',35.4,'Tabletas de 25mg','Tratamiento de la depresión y trastornos de ansiedad',110,'Antidepresivo'),(378,'Diazepam',28.8,'Tabletas de 5mg','Control de ataques de pánico y ansiedad',100,'Ansiolitico'),(379,'Haloperidol',53.2,'Tabletas de 2mg','Tratamiento de esquizofrenia y trastorno bipolar',90,'Antipsicotico'),(380,'Naproxeno',22.7,'Tabletas de 500mg','Alivio del dolor y reducción de la inflamación',180,'Antiinflamatorio'),(381,'Codeína',31.9,'Tabletas de 30mg','Analgésico opioide para el dolor moderado a intenso',160,'Analgesico'),(382,'Ceftriaxona',49.5,'Inyección de 1g','Antibiótico para infecciones bacterianas graves',140,'Antibiotico'),(383,'Terbinafina',43.4,'Tabletas de 250mg','Antifúngico para infecciones por hongos',120,'Antifungico'),(384,'Famciclovir',81.9,'Tabletas de 500mg','Tratamiento de infecciones por herpes',100,'Antiviral'),(385,'Lopinavir/Ritonavir',127.9,'Tabletas de 200mg/50mg','Terapia antiviral para VIH',80,'Antiviral'),(386,'Ciprofloxacina',29.8,'Tabletas de 250mg','Antibiótico para infecciones bacterianas',200,'Antibiotico'),(387,'Fexofenadina',12.9,'Tabletas de 120mg','Alivio de síntomas alérgicos como la rinitis',170,'Antihistaminico'),(388,'Racecadotrilo',27.6,'Cápsulas de 100mg','Control de la diarrea aguda en niños',160,'Antidiarreico'),(389,'Amlodipino',33.6,'Tabletas de 5mg','Control de la presión arterial alta',140,'Antihipertensivo'),(390,'Amitriptilina',36.9,'Tabletas de 25mg','Tratamiento de la depresión y trastornos de ansiedad',120,'Antidepresivo');
/*!40000 ALTER TABLE `medicamento` ENABLE KEYS */;
UNLOCK TABLES;

--
-- Table structure for table `paciente`
--

DROP TABLE IF EXISTS `paciente`;
/*!40101 SET @saved_cs_client     = @@character_set_client */;
/*!50503 SET character_set_client = utf8mb4 */;
CREATE TABLE `paciente` (
  `id` int NOT NULL AUTO_INCREMENT,
  `id_usuario` int DEFAULT NULL,
  PRIMARY KEY (`id`),
  KEY `id_usuario` (`id_usuario`),
  CONSTRAINT `paciente_ibfk_1` FOREIGN KEY (`id_usuario`) REFERENCES `usuario` (`id`)
) ENGINE=InnoDB AUTO_INCREMENT=401 DEFAULT CHARSET=utf8mb4 COLLATE=utf8mb4_0900_ai_ci;
/*!40101 SET character_set_client = @saved_cs_client */;

--
-- Dumping data for table `paciente`
--

LOCK TABLES `paciente` WRITE;
/*!40000 ALTER TABLE `paciente` DISABLE KEYS */;
INSERT INTO `paciente` VALUES (1,81),(2,82),(3,83),(4,84),(5,85),(6,86),(7,87),(8,88),(9,89),(10,90),(11,91),(12,92),(13,93),(14,94),(15,95),(16,96),(17,97),(18,98),(19,99),(20,100),(21,101),(22,102),(23,103),(24,104),(25,105),(26,106),(27,107),(28,108),(29,109),(30,110),(31,111),(32,112),(33,113),(34,114),(35,115),(36,116),(37,117),(38,118),(39,119),(40,120),(41,121),(42,122),(43,123),(44,124),(45,125),(46,126),(47,127),(48,128),(49,129),(50,130),(51,131),(52,132),(53,133),(54,134),(55,135),(56,136),(57,137),(58,138),(59,139),(60,140),(61,141),(62,142),(63,143),(64,144),(65,145),(66,146),(67,147),(68,148),(69,149),(70,150),(71,151),(72,152),(73,153),(74,154),(75,155),(76,156),(77,157),(78,158),(79,159),(80,160),(81,161),(82,162),(83,163),(84,164),(85,165),(86,166),(87,167),(88,168),(89,169),(90,170),(91,171),(92,172),(93,173),(94,174),(95,175),(96,176),(97,177),(98,178),(99,179),(100,180),(101,181),(102,182),(103,183),(104,184),(105,185),(106,186),(107,187),(108,188),(109,189),(110,190),(111,191),(112,192),(113,193),(114,194),(115,195),(116,196),(117,197),(118,198),(119,199),(120,200),(121,201),(122,202),(123,203),(124,204),(125,205),(126,206),(127,207),(128,208),(129,209),(130,210),(131,211),(132,212),(133,213),(134,214),(135,215),(136,216),(137,217),(138,218),(139,219),(140,220),(141,221),(142,222),(143,223),(144,224),(145,225),(146,226),(147,227),(148,228),(149,229),(150,230),(151,231),(152,232),(153,233),(154,234),(155,235),(156,236),(157,237),(158,238),(159,239),(160,240),(161,241),(162,242),(163,243),(164,244),(165,245),(166,246),(167,247),(168,248),(169,249),(170,250),(171,251),(172,252),(173,253),(174,254),(175,255),(176,256),(177,257),(178,258),(179,259),(180,260),(181,261),(182,262),(183,263),(184,264),(185,265),(186,266),(187,267),(188,268),(189,269),(190,270),(191,271),(192,272),(193,273),(194,274),(195,275),(196,276),(197,277),(198,278),(199,279),(200,280),(201,281),(202,282),(203,283),(204,284),(205,285),(206,286),(207,287),(208,288),(209,289),(210,290),(211,291),(212,292),(213,293),(214,294),(215,295),(216,296),(217,297),(218,298),(219,299),(220,300),(221,301),(222,302),(223,303),(224,304),(225,305),(226,306),(227,307),(228,308),(229,309),(230,310),(231,311),(232,312),(233,313),(234,314),(235,315),(236,316),(237,317),(238,318),(239,319),(240,320),(241,321),(242,322),(243,323),(244,324),(245,325),(246,326),(247,327),(248,328),(249,329),(250,330),(251,331),(252,332),(253,333),(254,334),(255,335),(256,336),(257,337),(258,338),(259,339),(260,340),(261,341),(262,342),(263,343),(264,344),(265,345),(266,346),(267,347),(268,348),(269,349),(270,350),(271,351),(272,352),(273,353),(274,354),(275,355),(276,356),(277,357),(278,358),(279,359),(280,360),(281,361),(282,362),(283,363),(284,364),(285,365),(286,366),(287,367),(288,368),(289,369),(290,370),(291,371),(292,372),(293,373),(294,374),(295,375),(296,376),(297,377),(298,378),(299,379),(300,380),(301,381),(302,382),(303,383),(304,384),(305,385),(306,386),(307,387),(308,388),(309,389),(310,390),(311,391),(312,392),(313,393),(314,394),(315,395),(316,396),(317,397),(318,398),(319,399),(320,400),(321,401),(322,402),(323,403),(324,404),(325,405),(326,406),(327,407),(328,408),(329,409),(330,410),(331,411),(332,412),(333,413),(334,414),(335,415),(336,416),(337,417),(338,418),(339,419),(340,420),(341,421),(342,422),(343,423),(344,424),(345,425),(346,426),(347,427),(348,428),(349,429),(350,430),(351,431),(352,432),(353,433),(354,434),(355,435),(356,436),(357,437),(358,438),(359,439),(360,440),(361,441),(362,442),(363,443),(364,444),(365,445),(366,446),(367,447),(368,448),(369,449),(370,450),(371,451),(372,452),(373,453),(374,454),(375,455),(376,456),(377,457),(378,458),(379,459),(380,460),(381,461),(382,462),(383,463),(384,464),(385,465),(386,466),(387,467),(388,468),(389,469),(390,470),(391,471),(392,472),(393,473),(394,474),(395,475),(396,476),(397,477),(398,478),(399,479),(400,480);
/*!40000 ALTER TABLE `paciente` ENABLE KEYS */;
UNLOCK TABLES;

--
-- Table structure for table `paciente_alergia`
--

DROP TABLE IF EXISTS `paciente_alergia`;
/*!40101 SET @saved_cs_client     = @@character_set_client */;
/*!50503 SET character_set_client = utf8mb4 */;
CREATE TABLE `paciente_alergia` (
  `id` int NOT NULL AUTO_INCREMENT,
  `id_paciente` int DEFAULT NULL,
  `id_alergia` int DEFAULT NULL,
  PRIMARY KEY (`id`),
  KEY `id_paciente` (`id_paciente`),
  KEY `id_alergia` (`id_alergia`),
  CONSTRAINT `paciente_alergia_ibfk_1` FOREIGN KEY (`id_paciente`) REFERENCES `paciente` (`id`),
  CONSTRAINT `paciente_alergia_ibfk_2` FOREIGN KEY (`id_alergia`) REFERENCES `alergia` (`id`)
) ENGINE=InnoDB AUTO_INCREMENT=501 DEFAULT CHARSET=utf8mb4 COLLATE=utf8mb4_0900_ai_ci;
/*!40101 SET character_set_client = @saved_cs_client */;

--
-- Dumping data for table `paciente_alergia`
--

LOCK TABLES `paciente_alergia` WRITE;
/*!40000 ALTER TABLE `paciente_alergia` DISABLE KEYS */;
INSERT INTO `paciente_alergia` VALUES (1,89,343),(2,22,369),(3,65,18),(4,315,313),(5,69,213),(6,289,62),(7,7,156),(8,24,104),(9,26,164),(10,299,216),(11,291,94),(12,221,259),(13,175,150),(14,128,90),(15,113,32),(16,87,140),(17,104,273),(18,203,145),(19,179,369),(20,246,52),(21,363,77),(22,54,29),(23,366,214),(24,303,73),(25,140,216),(26,6,26),(27,204,175),(28,31,244),(29,203,325),(30,367,125),(31,189,247),(32,57,246),(33,10,152),(34,286,248),(35,386,172),(36,128,2),(37,322,216),(38,104,282),(39,201,150),(40,127,362),(41,60,154),(42,356,118),(43,145,113),(44,252,163),(45,146,239),(46,179,49),(47,349,55),(48,212,151),(49,299,24),(50,90,42),(51,56,275),(52,133,126),(53,265,48),(54,30,328),(55,333,39),(56,20,314),(57,51,62),(58,61,177),(59,83,167),(60,124,152),(61,249,336),(62,103,116),(63,313,27),(64,71,49),(65,270,315),(66,289,3),(67,202,326),(68,301,279),(69,367,313),(70,299,242),(71,284,222),(72,92,2),(73,208,11),(74,278,168),(75,181,83),(76,279,25),(77,3,291),(78,225,76),(79,271,354),(80,314,107),(81,382,65),(82,247,344),(83,384,6),(84,220,40),(85,326,169),(86,358,50),(87,204,261),(88,185,148),(89,395,16),(90,132,97),(91,17,29),(92,184,6),(93,165,356),(94,155,285),(95,397,333),(96,6,209),(97,157,174),(98,177,178),(99,223,193),(100,349,57),(101,167,28),(102,368,6),(103,271,41),(104,231,155),(105,128,206),(106,105,119),(107,209,213),(108,276,244),(109,149,252),(110,168,368),(111,110,145),(112,108,229),(113,335,148),(114,90,63),(115,225,312),(116,89,110),(117,139,174),(118,37,86),(119,163,29),(120,71,297),(121,284,143),(122,387,8),(123,356,51),(124,364,338),(125,158,178),(126,19,128),(127,93,86),(128,328,291),(129,6,81),(130,237,61),(131,220,220),(132,188,19),(133,269,367),(134,267,344),(135,45,203),(136,32,315),(137,309,202),(138,397,86),(139,222,291),(140,113,346),(141,353,293),(142,380,8),(143,58,209),(144,266,149),(145,245,151),(146,63,173),(147,76,138),(148,304,267),(149,303,35),(150,155,8),(151,18,297),(152,283,302),(153,168,7),(154,171,59),(155,221,133),(156,96,46),(157,146,229),(158,291,312),(159,229,132),(160,51,108),(161,381,59),(162,294,261),(163,248,34),(164,388,285),(165,81,28),(166,8,191),(167,119,322),(168,143,250),(169,119,68),(170,98,67),(171,322,61),(172,378,112),(173,148,315),(174,388,352),(175,27,88),(176,10,299),(177,150,201),(178,35,322),(179,367,311),(180,280,91),(181,316,355),(182,284,333),(183,310,38),(184,277,275),(185,60,251),(186,197,80),(187,135,322),(188,75,274),(189,272,121),(190,277,10),(191,278,76),(192,64,144),(193,30,4),(194,216,71),(195,107,223),(196,324,331),(197,385,108),(198,24,337),(199,62,298),(200,20,199),(201,67,312),(202,25,14),(203,184,368),(204,110,353),(205,9,56),(206,273,218),(207,95,35),(208,120,325),(209,193,148),(210,85,313),(211,171,90),(212,109,234),(213,386,146),(214,172,64),(215,399,242),(216,44,367),(217,117,84),(218,331,49),(219,267,107),(220,158,119),(221,285,125),(222,228,236),(223,380,353),(224,397,365),(225,364,211),(226,60,231),(227,50,209),(228,348,227),(229,331,101),(230,320,304),(231,382,220),(232,362,251),(233,100,68),(234,165,251),(235,268,287),(236,13,198),(237,94,317),(238,32,59),(239,52,50),(240,68,244),(241,322,137),(242,145,328),(243,211,338),(244,176,276),(245,75,39),(246,75,261),(247,43,313),(248,51,60),(249,326,362),(250,304,359),(251,352,215),(252,32,34),(253,293,77),(254,137,184),(255,357,73),(256,120,62),(257,281,217),(258,203,197),(259,72,268),(260,397,316),(261,219,166),(262,274,300),(263,31,272),(264,175,177),(265,164,293),(266,132,22),(267,79,174),(268,312,307),(269,293,309),(270,255,180),(271,85,5),(272,96,7),(273,262,268),(274,339,195),(275,258,72),(276,114,312),(277,350,177),(278,84,172),(279,8,32),(280,190,111),(281,305,132),(282,332,170),(283,317,271),(284,193,235),(285,34,265),(286,295,9),(287,194,109),(288,307,315),(289,315,202),(290,223,43),(291,207,252),(292,246,181),(293,8,29),(294,59,172),(295,144,352),(296,99,209),(297,251,47),(298,47,285),(299,341,258),(300,37,159),(301,99,305),(302,231,353),(303,360,364),(304,369,248),(305,226,98),(306,32,60),(307,366,291),(308,82,339),(309,375,349),(310,336,331),(311,23,193),(312,113,226),(313,286,337),(314,56,277),(315,149,210),(316,367,225),(317,392,118),(318,283,200),(319,172,229),(320,269,284),(321,316,236),(322,240,200),(323,144,270),(324,85,369),(325,240,205),(326,259,333),(327,35,135),(328,164,20),(329,229,60),(330,238,275),(331,311,79),(332,320,116),(333,178,183),(334,30,199),(335,380,183),(336,26,125),(337,325,26),(338,290,15),(339,1,233),(340,166,307),(341,286,298),(342,92,96),(343,376,287),(344,390,108),(345,114,296),(346,114,324),(347,69,206),(348,330,345),(349,291,65),(350,400,3),(351,309,138),(352,71,221),(353,26,252),(354,322,46),(355,302,367),(356,150,79),(357,181,83),(358,125,70),(359,308,53),(360,399,17),(361,344,97),(362,235,52),(363,84,5),(364,156,353),(365,206,285),(366,284,213),(367,239,292),(368,35,96),(369,306,325),(370,245,163),(371,95,278),(372,79,184),(373,350,165),(374,254,48),(375,317,104),(376,128,261),(377,200,365),(378,299,217),(379,119,236),(380,159,117),(381,324,203),(382,393,275),(383,393,165),(384,145,79),(385,31,165),(386,225,250),(387,344,57),(388,295,198),(389,83,158),(390,298,170),(391,313,52),(392,39,261),(393,337,353),(394,49,28),(395,195,24),(396,393,308),(397,317,80),(398,110,205),(399,360,113),(400,227,43),(401,184,107),(402,307,322),(403,28,240),(404,321,170),(405,314,72),(406,57,29),(407,351,96),(408,217,19),(409,7,130),(410,227,171),(411,291,50),(412,291,129),(413,376,12),(414,43,201),(415,192,54),(416,269,32),(417,132,131),(418,93,354),(419,344,115),(420,286,336),(421,145,38),(422,142,211),(423,283,82),(424,367,330),(425,176,240),(426,343,331),(427,185,138),(428,251,36),(429,105,167),(430,290,119),(431,314,165),(432,104,362),(433,393,201),(434,379,267),(435,187,81),(436,287,133),(437,129,21),(438,359,93),(439,13,265),(440,272,225),(441,300,95),(442,184,113),(443,309,169),(444,50,138),(445,248,145),(446,344,318),(447,287,294),(448,261,339),(449,40,200),(450,318,210),(451,113,343),(452,280,1),(453,117,147),(454,59,344),(455,396,27),(456,279,125),(457,227,275),(458,166,33),(459,260,167),(460,40,275),(461,8,246),(462,222,2),(463,112,298),(464,351,308),(465,136,235),(466,71,139),(467,167,77),(468,67,196),(469,289,133),(470,50,323),(471,96,334),(472,199,99),(473,261,284),(474,13,172),(475,287,70),(476,54,50),(477,142,54),(478,302,116),(479,146,83),(480,31,236),(481,223,294),(482,207,184),(483,171,263),(484,12,308),(485,286,333),(486,143,180),(487,221,141),(488,222,166),(489,202,359),(490,266,343),(491,262,324),(492,194,37),(493,152,331),(494,338,139),(495,366,74),(496,369,27),(497,217,108),(498,315,199),(499,280,322),(500,300,201);
/*!40000 ALTER TABLE `paciente_alergia` ENABLE KEYS */;
UNLOCK TABLES;

--
-- Table structure for table `usuario`
--

DROP TABLE IF EXISTS `usuario`;
/*!40101 SET @saved_cs_client     = @@character_set_client */;
/*!50503 SET character_set_client = utf8mb4 */;
CREATE TABLE `usuario` (
  `id` int NOT NULL AUTO_INCREMENT,
  `nombre` varchar(20) DEFAULT NULL,
  `apellido_P` varchar(20) DEFAULT NULL,
  `apellido_m` varchar(20) DEFAULT NULL,
  `direccion` varchar(100) DEFAULT NULL,
  `telefono` varchar(20) DEFAULT NULL,
  `correo` varchar(50) DEFAULT NULL,
  `contrasena` varchar(50) DEFAULT NULL,
  PRIMARY KEY (`id`)
) ENGINE=InnoDB AUTO_INCREMENT=501 DEFAULT CHARSET=utf8mb4 COLLATE=utf8mb4_0900_ai_ci;
/*!40101 SET character_set_client = @saved_cs_client */;

--
-- Dumping data for table `usuario`
--

LOCK TABLES `usuario` WRITE;
/*!40000 ALTER TABLE `usuario` DISABLE KEYS */;
INSERT INTO `usuario` VALUES (1,'Ronald','Franklin','Hamilton','024 Danny Bypass Apt. 492\nBeanborough, CT 29574','641-359-96','smithrobert@example.com','l)SP6Par)@'),(2,'Andrea','Downs','Lewis','56031 Charles Common Apt. 934\nEast Tracy, PA 50035','220-238-06','grimesmichelle@example.org','d#3Z2ahxxV'),(3,'Austin','Oconnor','Harris','943 Reed Inlet Suite 465\nNew Samuel, ID 33262','(500)762-6','wphillips@example.org','uoGWpJx$$0'),(4,'Angela','Jones','Tyler','272 Jackson Drive\nJosephfort, UT 51025','991.360.06','vgarrett@example.org','^3xgLiPKNZ'),(5,'Daniel','Taylor','Murphy','6196 Nicholas Hills\nChristophermouth, WY 58888','408.622.14','swansonsteven@example.net','u9NJkPCU(2'),(6,'John','Baxter','Thompson','61686 Hernandez Stream Apt. 122\nStephenland, TX 14672','(395)374-2','cohenjeffrey@example.com','z5*p1OiDl@'),(7,'Diane','Webster','Johnson','905 Solis Estates Apt. 150\nEast Jeremiahstad, KY 03023','+1-493-207','mhickman@example.net','+f2xG*cO%2'),(8,'Madison','Rubio','Henry','348 Smith Ridges Apt. 006\nSotomouth, FL 60374','001-446-96','parkersamantha@example.net','J)p4uAvj2S'),(9,'Andrew','Moreno','Baldwin','5388 Drake Spur\nMeadowsville, GA 95785','551.276.08','mariah15@example.net','L(#G6Ag)!m'),(10,'Angela','Watson','Donovan','9890 Robinson Terrace Suite 506\nMichaelchester, FL 78976','560.529.10','stephen86@example.net','g@v(2Dhp$3'),(11,'Jessica','Smith','Dawson','20970 Turner Gateway\nPort Matthewville, KY 09969','+1-964-256','amberbryant@example.org','!sh8U&bpo('),(12,'Jared','Washington','Williams','Unit 1257 Box 3386\nDPO AE 06696','6847508739','nmartin@example.org','$36S8UFf2&'),(13,'Martha','Crane','Hill','856 Maynard Estates Suite 307\nLake Donaldport, GU 95508','001-922-80','jennifer78@example.com','MAESTlp&*6'),(14,'Rebecca','Francis','Mccoy','0402 Rhodes Ports\nEdwardside, VA 96277','625-380-11','samanthagregory@example.net','H@PW5tXhYm'),(15,'Tara','Hoffman','Vargas','386 Brian Cliff\nWest Nathanielburgh, NJ 13874','229.783.37','ccollier@example.net','^23)96Ay2Z'),(16,'Samantha','Evans','Flowers','7148 Darlene Forest\nSouth Lisa, NJ 93055','(728)222-2','muellerandrew@example.org','B)23zNjzp&'),(17,'Summer','Rivera','Chung','231 Barry Creek Apt. 656\nJamesville, VT 61014','653.935.61','pricejames@example.net','h7!3Dq&pDj'),(18,'Ashley','Colon','Fisher','23153 Donald Spurs\nNew Lisa, MA 52638','(583)650-8','tracyclark@example.com','8pLjcXxI!%'),(19,'Thomas','Mueller','Torres','PSC 4267, Box 1936\nAPO AP 22536','518.370.28','olsonjorge@example.net','@g4s7Cqt+S'),(20,'Scott','Riley','Morales','662 Barbara Lane\nDeannatown, NH 61291','001-260-23','dbarrett@example.com','B2CEqAdu@D'),(21,'Todd','Munoz','Gibson','25109 Bush Greens\nWest Tracy, AK 27863','+1-874-672','daniel29@example.org','%M0Y)mzBnP'),(22,'Kyle','Erickson','Holden','4827 Ryan Route Suite 711\nEvanshaven, RI 37160','316-990-21','bonniepratt@example.org','*#ExRWqV78'),(23,'Linda','Sanders','Robinson','858 Greene Coves Suite 876\nLake Tashaborough, WA 82364','001-949-28','jasonjordan@example.net','!a7^gLqD#g'),(24,'Jeffrey','Diaz','Thomas','37882 Robert Spurs\nHaneyside, WI 16628','4008637073','dstewart@example.net',')aO93)Pl66'),(25,'Benjamin','Curtis','Ho','960 Pratt Track\nEast Jessica, ID 21624','(356)299-4','nthompson@example.org','$xW(CBv#n3'),(26,'Nicholas','Romero','King','PSC 7807, Box 5679\nAPO AA 12766','941.921.44','aparsons@example.net','*9NWuj900V'),(27,'Brenda','Hoffman','Cox','991 Matthew Harbor\nDaleburgh, KS 44794','704-208-75','crystal97@example.org','@1Yc*xvnk5'),(28,'Richard','Jenkins','Raymond','678 Christian Underpass\nRodriguezhaven, AS 92425','917-686-99','claychristopher@example.net','&$YRj7pU9o'),(29,'Anna','Taylor','Miller','0817 Elizabeth Inlet Suite 184\nDanafurt, OK 59224','001-836-97','contrerasbrian@example.org','*V6K0pkt)d'),(30,'Lisa','Parrish','Beltran','33761 Katherine Branch Suite 252\nLake Michaelbury, NC 40735','654.704.13','melaniethomas@example.net','6v(k$UgF+G'),(31,'Karen','Guerrero','Davis','038 Graham Neck Apt. 958\nMarvinhaven, MA 22390','+1-253-850','kristen66@example.org','z0LysMxp!&'),(32,'Patricia','Strickland','Graham','USCGC Jackson\nFPO AP 89529','+1-715-275','joshua16@example.net','$j6r@Pq8(U'),(33,'David','Anderson','Smith','1573 Prince Pass\nLake Tonya, MN 65279','(214)976-4','caldwellheather@example.com','j7aM6B&z@Q'),(34,'Miguel','Wilson','Austin','7602 Parsons Extensions Apt. 035\nEast Dwayne, MO 69044','586.769.24','stevenhernandez@example.org','3jYUs)7v(g'),(35,'William','Williams','Yoder','26724 Sarah Bridge\nRyanville, MO 46424','001-646-84','ulucas@example.org','y2@_0ULq)1'),(36,'Amy','Bender','Mills','00820 Christy Route Suite 155\nSouth Karenview, ME 14759','852-812-30','albert19@example.net','k7D3uHf()g'),(37,'Alyssa','Webb','Nichols','5293 Rogers Lake Suite 595\nPort Robertfort, MP 94352','(396)397-7','qsanchez@example.net','@14xGdF265'),(38,'Kathryn','Allen','Vasquez','07125 Austin Square Apt. 145\nSouth Christophermouth, ID 24927','(641)866-1','lisa09@example.net','J8BizVKB^J'),(39,'Amanda','Oneal','Smith','2081 Deanna Ford Suite 713\nTaylormouth, CT 68575','+1-383-489','chambersmark@example.net','&0KCU7Ykjp'),(40,'Maria','Fuentes','Johnson','59394 Scott Plains\nSouth Nicholasbury, NH 28637','549.821.08','tyler75@example.net','Z@5#Z6eqoU'),(41,'Andre','Garner','Martin','6243 Perez Ferry Apt. 817\nNorth Norman, FM 45510','(773)794-8','gonzaleschristina@example.com','P!1aWyjEno'),(42,'John','Smith','Silva','934 Lisa Estates Apt. 885\nSouth Jeffrey, TN 63944','875-235-39','peggy46@example.net','!#1Xa4lm&+'),(43,'Jeffery','Norton','Jacobs','668 Kristin Cape Suite 063\nEricksonborough, ME 94800','313-413-28','amber46@example.com','!nZ7N9H&*9'),(44,'Kevin','Bailey','Tucker','258 Gonzales Glen\nBryanchester, MN 64736','(542)399-3','jasmine29@example.org','(TuO3Mo+R7'),(45,'Nicole','Norman','Wiggins','6678 Mark Shores Suite 069\nNorth Kimberlyport, MA 43849','+1-893-660','ugray@example.net','&S7%Srw6fL'),(46,'Cassandra','Gay','Proctor','32435 Jordan Glen Apt. 532\nClarkside, MS 43483','276-426-39','umaxwell@example.org','AHQw3qrwx_'),(47,'Chad','Jensen','Davis','9494 Steven Village Suite 049\nWest Joseph, CT 71131','(693)224-8','gjones@example.org','@kOyJaX#j1'),(48,'Shawn','Crosby','Kramer','572 Peter Trafficway\nNew Kellyville, NM 71872','(840)315-3','mwilliams@example.org','+9JRG*Tg7o'),(49,'Pamela','Buck','Russell','885 Travis Circles Suite 747\nNew Johnhaven, MS 30502','(246)295-6','watsonkaitlyn@example.net','!1KEhrlQV!'),(50,'Tiffany','Davis','Green','2190 Roberto Heights Apt. 115\nMarquezfurt, NJ 78644','(368)473-7','amanda14@example.org','#RLcAsyYJ1'),(51,'Dana','Farmer','Berger','02957 Christopher Station Suite 284\nNorth Jenniferbury, AS 89806','481.482.59','hsmith@example.com','*GLl*h28@6'),(52,'Renee','Johnson','Smith','838 Santiago Plaza Suite 504\nSouth Sarah, WV 50524','(523)778-6','bbarrett@example.net','n%o6GgFNL+'),(53,'Mary','Jones','Brown','256 Crane Road Apt. 453\nOrtegaland, RI 46036','(878)299-2','tlam@example.com','w)!0Ll^iW1'),(54,'Christopher','Knight','Weber','88256 Bennett Harbors Apt. 231\nBradleytown, DC 25593','838.579.52','ruben30@example.com','+5kFYMKhr6'),(55,'Kristin','Peterson','Pittman','64003 Henry Corner Apt. 757\nMyershaven, GA 98274','+1-209-865','alan29@example.com','@RNa6quyz8'),(56,'Robert','Jones','Shields','5854 Rachel Roads\nNew Jamesburgh, GU 42580','+1-445-350','hurstkathy@example.org','#$)K%fx9$1'),(57,'Courtney','Perez','Salinas','36887 Paul Isle\nWest Pamelafurt, MD 06226','985.978.09','dylan71@example.org','hx5SgDFG&U'),(58,'David','Case','Evans','803 Aguilar Flat\nMarkmouth, VT 36302','(715)432-4','brownkendra@example.net','a8#494Ju_C'),(59,'Joseph','Moore','Gibbs','532 Lloyd Manors Apt. 715\nGomezberg, MT 24140','(527)317-0','hannah10@example.com','^BlZBeGBs8'),(60,'Ian','Carlson','Smith','60612 James Valley Suite 122\nEast Jonathan, GA 72262','509-361-49','perezjesse@example.net','+tA2iMIs*Y'),(61,'Mark','Freeman','Carter','893 Kurt Heights\nSchmidttown, KS 62664','(215)692-9','mary90@example.com','&O9kKkEz6$'),(62,'Maria','Carr','Meyer','6748 Smith Plaza Apt. 706\nWest Lori, NM 02584','563-546-55','anthonymorgan@example.com','V+BN9LFtMk'),(63,'Julie','Gallagher','Alexander','161 Shepherd Ville Suite 910\nNew John, RI 53985','468.566.85','leonardjoseph@example.net','h!K^3Jk$Cz'),(64,'Madison','Brown','Smith','0491 Ryan Creek Suite 848\nRuizbury, CA 61813','(233)577-1','samantha37@example.org','y!9&!2Yy1_'),(65,'Justin','Wilson','Peterson','714 Butler Inlet Suite 869\nOliviaport, FL 78071','(435)961-8','qtaylor@example.com','Z)%)1M(e#A'),(66,'Valerie','West','Russo','4885 Simmons Shore\nPopemouth, MA 86031','+1-432-848','taramorgan@example.com','7A3X2g7o*I'),(67,'Tina','Chapman','Cervantes','88122 Johnson Gateway\nPattonshire, OH 95705','+1-259-455','paulbishop@example.com','X#DjHz6L&8'),(68,'Eric','Fisher','Rhodes','7918 Weaver Corner\nDavisberg, DE 67862','9134818992','williamssean@example.org','*(CnpD)q3i'),(69,'Katie','Murray','Jones','281 Cantu Falls Apt. 277\nNewtonshire, OR 10911','(548)386-0','mwright@example.org','bY25#QseX#'),(70,'Carl','Guerra','Thomas','3161 Erin Knolls Apt. 354\nDonaldsonport, OR 80073','001-462-79','justin12@example.org','sDsDtLou#5'),(71,'Michael','Evans','Miller','1118 Virginia Way\nWest Amanda, AR 08867','+1-417-718','william11@example.com','gK@0WNMmYV'),(72,'Angela','Bailey','Gutierrez','Unit 0272 Box 5493\nDPO AA 35317','+1-710-478','scott89@example.net','(3GWv$aK6T'),(73,'Joseph','Curtis','Walker','5060 Nguyen Isle\nEast Lauraborough, OK 36649','001-226-82','jamiebeck@example.com','D1nVWgpw%6'),(74,'Patricia','Andrade','Mendoza','866 Andrews Gateway Suite 714\nRobinchester, TX 14830','997.457.21','daniel16@example.com','7h3_5kCy0@'),(75,'Olivia','Cortez','Anderson','076 Edward Tunnel\nNew Laurenside, AL 10699','+1-731-218','apowell@example.net','JXK%vq1Q_6'),(76,'Ryan','Alvarez','Hicks','USCGC Patterson\nFPO AE 00948','476.687.94','robert78@example.com','nt5Md_8hJ@'),(77,'Barry','Bailey','Garcia','128 Daniels Lane\nWardmouth, HI 17346','679.488.51','qwood@example.com','_v19+Gs(_^'),(78,'Derek','Brown','Andrews','971 Richard Avenue\nSouth Paul, TX 20263','(511)259-4','daniel82@example.com','tJf2GAedE#'),(79,'Monica','Ashley','Zavala','9237 Aguilar Court Suite 678\nSchmidtshire, AS 54546','+1-407-678','rossjoseph@example.org','&8Tpf9qm#j'),(80,'Victoria','Lyons','Gillespie','158 Bowen Terrace Suite 385\nPort Robert, AS 94081','367.393.93','xcompton@example.com','!1ZoZNmkbD'),(81,'Kelly','Grimes','Thompson','600 Fleming Crossroad Apt. 754\nEast Laurieshire, AL 64614','(827)577-2','richard11@example.org','$DpEUYzT&4'),(82,'Mia','Hodges','Wong','5707 Sanchez Passage\nLeonardtown, MI 35734','(701)702-1','sglover@example.org','8$&ZpMgC(1'),(83,'Anthony','Powell','Stuart','731 Johnson Stream Suite 580\nMedinahaven, OR 23569','648-979-63','gardnerkelsey@example.net','J3^3u+LsY('),(84,'James','Logan','Parks','9229 Deborah Plaza\nDavidland, CT 15793','(918)560-9','tonya77@example.org','!NM2hTpZ59'),(85,'Kelli','Vargas','Waters','5704 Jimenez Garden\nEast Alison, DC 76182','328-492-44','nicholas30@example.net','Ddm8H%i(#8'),(86,'Jeffery','George','Roy','8081 Jarvis Knolls Apt. 494\nKevinside, FL 93473','(244)540-4','marcus22@example.net','X9D)Yqjm&a'),(87,'Anthony','Nelson','Zavala','75155 Steven Rest\nEast Jessica, MP 61466','549.588.11','austinchavez@example.net','&Cb86HDjc)'),(88,'Sandra','Anderson','Dunn','02552 Cantu Walk Suite 605\nKellymouth, IN 03248','256-788-39','yhenderson@example.com','Y(g0h(mcTZ'),(89,'Catherine','Davis','Gonzales','11672 Lamb Vista Apt. 741\nWest Brookeland, DC 73160','001-782-36','erincampos@example.org','AbI0Zat##i'),(90,'Erin','Mason','Cole','424 Danielle Mill\nNunezland, ID 35171','752-511-02','nstrong@example.com','*@*1UwRz$a'),(91,'Molly','Fisher','Martin','8442 Andrea Greens Suite 014\nTaraland, WA 26658','(611)705-8','lchavez@example.net','1_&2EeCZIo'),(92,'Jimmy','Craig','Barnes','6350 Gregory Motorway\nKevinshire, PA 78606','854.845.92','cweeks@example.org','WXJP5keR_7'),(93,'Jaclyn','Short','Little','081 Morgan Inlet\nNew George, IL 10104','+1-537-682','christine67@example.com','xj+79M(c*f'),(94,'William','Murray','Brown','37958 Nicholas Parkway Suite 590\nLake Robert, NH 82945','947.395.37','anthonydaniel@example.com','h3NaTtd4&@'),(95,'James','Garrison','Conner','408 Robert Islands Suite 481\nLake Walter, KY 27518','001-548-52','jasonburke@example.net','Re9(3AJ%m^'),(96,'Lance','Hernandez','Martinez','9628 Kristin Hill\nTiffanymouth, WA 45816','809.680.67','kyle44@example.org','+1O2EHsc$^'),(97,'Stephanie','Melton','Hodge','21094 Brandon Plains Apt. 712\nJustinport, WV 85034','+1-665-389','stephenjones@example.org','S1Of77@X(e'),(98,'Barbara','Wilson','Moore','656 Leach Way Suite 580\nZacharyfurt, IN 83564','001-810-89','racheltaylor@example.org','6oV3@GTz(k'),(99,'Jacqueline','Gomez','Mora','PSC 1587, Box 6248\nAPO AE 17145','8106969393','millerjimmy@example.org','@yS82Uqr)4'),(100,'Rodney','Lopez','Chung','744 Taylor Freeway\nNathanfurt, WA 15308','(453)644-7','vaughanjames@example.org','WZCC+rbA#6'),(101,'Eric','Hansen','Harris','43774 Tyler Inlet\nLake Benjaminhaven, AK 80478','001-960-38','michelle85@example.org','j5VP9GU$^x'),(102,'Jamie','Johnston','Whitney','82805 Jennifer Pines Apt. 985\nWest Michaelburgh, TX 50354','+1-280-514','clayton18@example.com','*Z6oI20v8x'),(103,'Margaret','Roberts','Neal','PSC 6101, Box 3765\nAPO AA 19653','+1-725-284','ashleythomas@example.com','(6LMni#mf7'),(104,'Carla','Ponce','Henson','020 William Village\nBakerbury, NJ 30544','832.720.58','smaldonado@example.com','uf$d7Sf@o@'),(105,'Scott','Patterson','Moss','7224 Peterson Knoll Suite 555\nPort Amanda, UT 28001','001-589-95','andersonjeffrey@example.net','&n4+G4Cv$E'),(106,'Rachel','Snow','Macdonald','6701 Ashley Ramp Suite 549\nHeatherfort, NH 99437','331.951.64','joelevans@example.com','XN0IPNfkU('),(107,'Fernando','Booth','Rodriguez','81054 Sean Radial\nWest Patriciatown, RI 82714','376.409.73','claire67@example.net','KmU8Do*b*9'),(108,'Melissa','Scott','Franklin','04162 Joseph Wall\nJohnside, ME 31917','9922126732','david12@example.org',')1J4r!Hqz!'),(109,'Melinda','Galloway','Sandoval','81669 Mercado Corners\nSherryville, VA 65997','(748)813-5','bpollard@example.com','w*Kp*I$*&1'),(110,'Katie','Porter','Bennett','1403 Baird Lights\nSouth Diane, FM 03552','200-962-39','megan22@example.net',')0iXjh%PgF'),(111,'John','Hernandez','Wilson','USCGC Graham\nFPO AP 92964','+1-802-313','monicacox@example.com','8w0mEmMU@_'),(112,'Rodney','Clark','Paul','67723 Cohen Well\nWrightchester, MT 68465','+1-872-875','floresdale@example.net','$*4NZts1Y2'),(113,'Calvin','Cardenas','Mathews','2544 Tate Inlet Suite 625\nLake Lynn, AZ 64592','622-340-17','paulgarcia@example.net','o5*eL3jJ)0'),(114,'James','Contreras','Pena','8298 Peter Harbor\nDavidfort, NE 62598','950.932.58','raymondkirk@example.com','m^k86iPu_7'),(115,'Paul','Guerrero','Phillips','03489 Scott Rapid Apt. 986\nSouth Timothybury, NC 39893','387-363-22','donna15@example.com','H%1LhvmxDJ'),(116,'Michael','Morgan','Henson','747 Jeffrey Freeway\nJaimebury, IL 74681','953-744-93','melissa40@example.com','FUT3P0Frm('),(117,'Toni','Hardy','Rodriguez','5204 Hansen Heights\nSmithchester, IL 85929','742.718.34','lgallagher@example.com','bf1yEjX&g#'),(118,'Raymond','Gilbert','Campbell','83718 Anderson Shoals Suite 577\nJeremyside, CT 94311','600.839.12','kristin67@example.net','XEi2l@gw$_'),(119,'Christopher','Riggs','Copeland','839 Eric Circle Suite 816\nJohnside, WA 01171','252.592.22','kirbybrent@example.com','Cj##E^Bp$0'),(120,'Samantha','Graves','Lynch','PSC 1728, Box 5118\nAPO AA 80987','929.527.72','sharpyolanda@example.net','@0WsIoeL@h'),(121,'Brandon','Huerta','Oneal','11013 George Gardens Suite 042\nTonyatown, ND 08390','346.809.37','wattscarlos@example.org','6$64fpMe)@'),(122,'Robert','Rush','Baker','3220 Anna Pike\nWest Williamland, WA 55515','7569083627','ythomas@example.net','mBYZ&h@x+1'),(123,'Jonathon','Oneal','Abbott','06305 Murphy Mall Apt. 748\nAustinmouth, AS 77418','655-444-86','rayveronica@example.org','16gG5Gqq_q'),(124,'Norma','Madden','Knox','USCGC Romero\nFPO AE 54500','+1-287-906','duncandana@example.net','fv3_0XnMFy'),(125,'Rebecca','Powell','Torres','Unit 9464 Box 0376\nDPO AP 79793','001-989-94','rperez@example.org','e#05HELpZ*'),(126,'Vanessa','Freeman','Long','988 Kevin Summit\nRyanland, NE 33404','001-207-44','michaellyons@example.com','79TKT)gh(o'),(127,'Diana','Rodgers','Mays','5042 William Freeway Apt. 490\nNew Josephmouth, TX 72139','826-668-68','fwilliams@example.org','!9J9Bs0bh)'),(128,'Krista','Farrell','Andrade','0840 Garcia Walk Apt. 481\nAshleyfort, CO 25712','(950)399-1','stephen93@example.net',')5MXiNfXGD'),(129,'Jose','Keller','Gomez','316 Eric Ridges\nSeanburgh, VA 41433','897.565.45','christinelittle@example.com','4BUSpgtr*7'),(130,'Jessica','Shaw','Mack','72439 Jeffrey Parkways Apt. 639\nWagnermouth, NE 98327','+1-524-633','cummingsjennifer@example.org','8h#*12Ide#'),(131,'Marie','Allen','Paul','616 Nicholas Fords Apt. 428\nSouth Andrea, MA 31892','(360)983-8','michael62@example.com','sT&W6Ay1r0'),(132,'Cheryl','Sparks','Williams','3822 Hodges Stream Suite 971\nMoniquemouth, ME 72159','(645)282-4','timothyhale@example.com','TRN@2dsuZ^'),(133,'Brian','Mcfarland','Nelson','53091 Corey Stravenue\nPriceborough, FL 94713','+1-447-284','dylanjohnson@example.net','kg2*Fgx8w%'),(134,'Victoria','Campbell','Beasley','8897 Alexis Cape\nWest Sandra, MS 93916','(377)398-6','juliadavis@example.net','*kEi9*Orjt'),(135,'Yolanda','Bolton','Mueller','319 Elizabeth Wells\nNancymouth, VI 94824','541-742-01','tina55@example.org','Vx7Y*kgs3$'),(136,'Tyler','Weiss','Harris','508 Young Square\nDennishaven, AZ 09344','+1-855-291','ejimenez@example.org','!Ej8CFjDv('),(137,'Kyle','Mosley','Lee','9011 Erin Crest Suite 619\nRebeccachester, CT 40029','+1-409-525','bcox@example.net','#7L%b$cW^Y'),(138,'Bruce','Liu','Harrison','966 Roberts Canyon Suite 619\nNorth Andrea, AL 26448','6012297867','traci96@example.net','aa3Wb5&i^c'),(139,'Teresa','White','Velasquez','USCGC Williams\nFPO AP 96872','403-481-22','andersonabigail@example.org','W@4kW^ptFF'),(140,'Steven','Vargas','Mays','5639 Stacy Village Apt. 108\nNew Joshua, DC 69219','945.847.49','michael23@example.org','&3S&vtxQ@%'),(141,'Christopher','Ramos','Norris','585 Smith Corners Suite 343\nKristyton, ID 23519','+1-530-213','pgarza@example.com','#cJ7Gl_oHp'),(142,'Carl','Barajas','Suarez','Unit 2091 Box 1279\nDPO AP 22831','(926)945-0','vasquezfrancisco@example.com','&9vnh2WmHq'),(143,'Anthony','Lowe','Graves','56088 Rubio Mall Apt. 280\nPort Stephen, WV 04366','(427)221-2','smithpamela@example.org','@BjK0QVbh*'),(144,'Randy','Blanchard','Gomez','9531 Price Causeway\nPort Marissa, SD 28234','921.930.12','earl29@example.net','+vJ6T1vYM!'),(145,'Elizabeth','Mcmillan','Peters','43117 Karen Ferry\nHudsonchester, DE 98754','+1-394-840','holly97@example.net','qe7I^s)M@h'),(146,'Gabriel','Barnett','Diaz','6504 Diana Field Apt. 545\nRobertberg, MH 80877','701-688-73','zeaton@example.net','g#f2JsyjRL'),(147,'Pamela','Woods','Carlson','3389 Amber Avenue Apt. 458\nEast Annahaven, GU 75891','950-986-98','qgriffin@example.com','Z92c4TOs!x'),(148,'Ryan','Wade','Murphy','9563 Mccann Ports Apt. 912\nNew Carlos, CT 84920','+1-533-847','brittanyhiggins@example.net','#qRKyc$@p3'),(149,'David','Stewart','Roberts','8496 Ramsey Manor Apt. 026\nSouth Stephanie, VT 90532','522.785.12','pturner@example.net','(f5J2wYaK_'),(150,'Grace','Powers','Simpson','59933 Nicole Alley Suite 281\nSouth Desireeton, FM 40968','(921)673-1','steven32@example.net','c)+1Ks8fNa'),(151,'Jacob','Pierce','Payne','Unit 8001 Box 6057\nDPO AE 36382','597-862-48','colemanjacob@example.net','&126SDiKga'),(152,'William','Brown','Keller','Unit 9672 Box 7633\nDPO AE 45873','(214)417-0','llee@example.net','o&8OO*leJ)'),(153,'Jason','Barton','Lawrence','861 Bryan Mountain Apt. 423\nTinahaven, NH 91584','001-840-69','donald41@example.org','_12VLuS(7g'),(154,'Kimberly','Wong','Lewis','69925 Justin Dam Apt. 462\nBowenmouth, RI 54037','+1-323-216','krobles@example.com','OpR@7JkOfE'),(155,'Stephanie','Smith','Herring','Unit 7246 Box 7797\nDPO AP 41192','334-488-97','pbright@example.org','8!b@Z7$f+I'),(156,'Dillon','Rangel','Ramirez','338 Morgan Glens Suite 064\nLake Lisaport, WA 78596','397.538.29','kellyjohnson@example.net','@3W37Gdb_p'),(157,'William','Roberts','Gonzalez','327 Kaitlyn Meadow Suite 186\nSmithborough, WI 37985','001-274-75','ijohnson@example.com','*2Cknk1$gd'),(158,'Craig','Chang','Wright','79124 Scott Court\nTrevinoport, AK 72184','+1-681-262','joshua18@example.net','B5t3t3oh(R'),(159,'Jonathan','Garza','Brooks','2525 Stewart Ville\nButlerchester, PA 97789','(747)946-4','johnsonchristopher@example.net',')B5NUDJoLs'),(160,'Nicholas','Noble','Perkins','338 Valerie Extension\nWest Sydney, NC 13135','334.215.31','craig03@example.com','BXkli9Gja('),(161,'David','Bell','Whitehead','99764 West Hill\nGreenberg, CA 88565','(594)947-5','scotttina@example.com','%r2Nzxg7wn'),(162,'Audrey','Hudson','Chandler','42377 Washington Lane Suite 370\nSouth Randy, PA 25862','9096433112','darlenesmith@example.com','5l05Sc2Qv+'),(163,'Kristine','Keller','Nash','01335 Smith Light\nWest Ronald, AS 04058','+1-202-908','uramirez@example.com','In5NNUog%@'),(164,'Peter','Coleman','Marshall','595 Nicole Island\nWest Jasontown, MS 57846','932.396.38','hpowell@example.com','Q@*7E7Ii)1'),(165,'Jessica','Hall','Meyer','35915 Olson Ways\nWest Carlburgh, NC 91381','248.996.56','wrightkaren@example.org','J7F7M1om^J'),(166,'David','Jones','Benton','6919 Diane Loop Apt. 989\nSheilaburgh, VA 27852','997.606.62','christinachavez@example.org','w+8QQdbl6z'),(167,'Jamie','Aguilar','Harris','344 David Terrace\nNew Michelleburgh, FL 58984','(555)853-9','chadhorn@example.org','_6S_j&cX(9'),(168,'Travis','Tapia','Adams','10509 Diaz Ford\nTimothyville, MA 46305','2689163604','josephjohnston@example.org','*SJXaSw%88'),(169,'Rebecca','Hill','Smith','2602 Mathis Extension\nHerreraport, AZ 10410','001-981-72','vjacobson@example.com','%xHSQsT0q1'),(170,'Eric','Cook','Rice','86599 Rogers Place\nLake Colleen, NJ 61545','918-900-43','brian75@example.net','sv7B8*bS+h'),(171,'Linda','Obrien','Clarke','463 James Island Apt. 056\nSouth Angela, IL 22268','4868364764','kristin99@example.com','T1OEcbvt+r'),(172,'Mackenzie','Lee','Everett','3461 Sonya Via\nSmithville, AL 32921','(214)448-8','griffinvanessa@example.net','4*X8f9ptTV'),(173,'Dawn','Coleman','Freeman','64868 Tiffany Turnpike\nDavishaven, TX 59945','(885)940-5','suzannerodriguez@example.org','$0H3dQSfxu'),(174,'Megan','Reyes','Johnson','26847 Wilkinson Freeway\nSouth Bradley, AL 62929','(381)492-0','gallagherclarence@example.org','!4Kg&jEdD5'),(175,'Michelle','Hunter','Rodriguez','066 Hernandez Union Apt. 635\nNew Amanda, VA 58431','491-328-61','oharris@example.org','+M866YAlsO'),(176,'Travis','Wright','Gould','60074 Joshua Turnpike\nPort Victoria, LA 98720','+1-766-926','jessicasantos@example.org','%8Fku*fJWj'),(177,'Jeffrey','Greene','Hamilton','3180 Rodriguez Stravenue Suite 760\nCynthiaview, SD 77684','982-217-61','kayla25@example.net',')3cHkBF@go'),(178,'Michael','Nguyen','Palmer','42380 Rowland Meadow Apt. 223\nHeathhaven, OK 09209','852.219.05','crystal19@example.com','#RJysvnON8'),(179,'Denise','Murphy','Jackson','05761 Garcia Avenue\nEast Robertbury, WA 47292','001-695-83','romerochristopher@example.org','7!)x9QqcAK'),(180,'Jesse','Gonzalez','George','2410 Tara Shoal\nWest Ryan, CA 30500','675-813-35','peter05@example.net','l5A$em(z)@'),(181,'Stephanie','Sims','Anthony','44793 Teresa Burgs Suite 116\nSandraland, NY 96434','510.795.55','gpeters@example.com','Q&+lK6XkN5'),(182,'Elizabeth','Prince','Chan','PSC 8543, Box 0600\nAPO AE 21391','001-368-97','omurray@example.com',')1P131Md8Y'),(183,'Michelle','Long','Goodwin','439 Derrick Drives Apt. 748\nKennethport, GU 73735','3422012646','sarabarton@example.com','!BPkKke762'),(184,'Matthew','Harvey','Moreno','PSC 2139, Box 5978\nAPO AE 98321','720.420.94','nicolas40@example.net','%2A%jH1iER'),(185,'Jesse','Perez','Moore','844 Brown Stream\nKathleenchester, CA 93693','+1-335-474','charlesrivera@example.com','d^+q9Zda&U'),(186,'Karen','Chen','Ramos','747 Gross Passage Apt. 176\nCarterside, FL 09978','233-568-85','lguerrero@example.com','J49PCU1yk('),(187,'James','Johnson','Armstrong','18721 Michael Stravenue Apt. 486\nScottfurt, OK 95824','876-889-96','qshelton@example.org','(Lmd3kLk0Q'),(188,'Olivia','Gibson','Price','3183 Marilyn Spring\nSmithmouth, MH 89204','367.715.64','gordonsusan@example.org','E*X7BaCQ$3'),(189,'Michael','Schneider','Strickland','89464 Ramirez Circles\nDonland, FL 35276','001-863-72','joseph89@example.com','Q5Z(^CYG!u'),(190,'Jill','Davis','Macdonald','78688 Ward Pines Suite 287\nElizabethfurt, MO 54143','(900)297-8','roblestara@example.com','ZpUmr_hy+3'),(191,'Brenda','Barnett','Harrington','636 Fernandez Junction Suite 099\nGibbsfort, ME 72183','+1-877-666','itorres@example.org','!28hJ9Fe%Z'),(192,'Christopher','Hunt','Whitehead','12995 Matthew Lake\nBoyerchester, NY 28608','(741)930-1','collinskatie@example.org','z^)0QOg)A*'),(193,'Carolyn','Hansen','Gordon','PSC 7242, Box 3924\nAPO AA 32683','908.925.54','rebeccayoung@example.net','u@U92Lsf7v'),(194,'Sheryl','Mooney','Bird','501 Anderson Row Apt. 845\nLake Lauraborough, NE 18025','5218832421','lawrencebrown@example.org','!SVZeG$Q0i'),(195,'Chad','Shaffer','Mullen','73820 Pearson Turnpike\nKrystalfort, VA 04990','676-548-41','david45@example.net','i(R+tQyx&4'),(196,'Jennifer','Martin','Schmidt','273 Donald Run\nPort Richard, KS 37755','(465)656-9','zcarter@example.com','@1SbU7SnNo'),(197,'Benjamin','Miller','Walker','0453 Bennett Terrace Apt. 742\nSouth Davidmouth, OK 04874','(432)886-2','jessica82@example.com','^37(Qr!e)t'),(198,'Jennifer','Davis','Young','USNS Carroll\nFPO AE 74945','452.882.26','anthony81@example.org','(oVH5K*Sl0'),(199,'Jeremy','Day','Roberts','660 Eric Harbor\nWest Rebecca, MH 36861','001-935-77','gonzalesteresa@example.net','^Rx_4CKoiK'),(200,'Joseph','Ponce','Bennett','3231 Jeffrey Meadow\nAndreastad, IN 07322','300-966-75','wle@example.com','_2#wUQlo(t'),(201,'Molly','Thompson','Mccarthy','0048 Patrick Prairie\nEast Timothyland, AS 80888','+1-929-749','ramostonya@example.net','GzV9vOd*C%'),(202,'Fernando','Wood','Sawyer','7045 Scott Hills\nWarrenbury, CT 47816','605.494.04','mark56@example.com','&ztOpMZh9K'),(203,'Noah','Carlson','Jimenez','155 Jones Glen Suite 951\nNancyton, KS 38922','850-906-32','lewiscraig@example.com','_5IdcbGG*t'),(204,'Carrie','Foster','Barrett','1441 Stephanie Locks Apt. 899\nBoydchester, HI 87877','4623793129','joshuasmith@example.net','Z*7C2FaZ%W'),(205,'Mark','Evans','Brown','821 Trevor Trail Suite 995\nNorth Shawnburgh, WY 48834','+1-507-525','michaelmartinez@example.net','@+xZ38PljC'),(206,'Deborah','Kennedy','Medina','1699 Ashley Knoll\nPort Christophermouth, DC 74266','+1-462-581','omccarthy@example.net','&v79UlbMOM'),(207,'Robert','Walker','Avery','983 Kristen Cliffs Apt. 223\nDaviston, OR 21586','001-241-98','upearson@example.net','x4IinUvf!X'),(208,'John','Ibarra','Evans','4170 Phillips Fields\nNew Emilyborough, FL 27320','415-790-22','tonyaward@example.net','ime6YEa6z^'),(209,'Kristin','Scott','Maynard','998 Heidi Plains Apt. 409\nTimothyfort, IA 53411','001-406-35','ryan59@example.com','bOb8P)sL*a'),(210,'Mary','Tucker','Garcia','8060 Jimmy Terrace\nPort Stevenbury, WA 40877','+1-597-881','kevin01@example.net','_rXaBzUZG5'),(211,'Sarah','Romero','Murray','45068 Brown Harbor Apt. 940\nNicholasburgh, AS 92185','(431)220-1','jessica36@example.com','O!$EL4PkJ#'),(212,'Tiffany','Colon','Clay','819 Turner Course\nNew Lisa, MP 83762','658.556.02','parrishallison@example.org','*lc+TKxRX3'),(213,'Benjamin','Roberts','Avila','61769 Hartman Pine Suite 393\nElizabethmouth, UT 37720','(212)820-2','pricejoan@example.net','_2CJc4Yvk%'),(214,'Samantha','Mayo','Powell','54397 Atkins Harbors\nChristopherview, IL 50612','(376)530-4','gregorykenneth@example.com','AZa9DO$f%*'),(215,'Peter','Barrera','Oneill','6325 Nelson Fork Suite 252\nEast Michael, NY 29356','+1-856-787','veronicaperez@example.org',')Qo0ImIi^4'),(216,'Joshua','Jackson','Gill','14781 Michael Lodge Suite 064\nTranhaven, FM 34491','(628)253-1','ereid@example.net','Hxq6Ps)lV!'),(217,'Anthony','Ramirez','Adams','9096 Ortiz Isle Apt. 136\nEricchester, AZ 80811','+1-984-249','vgardner@example.net','uA!Lt4Hxp@'),(218,'Hunter','Rodriguez','Walker','057 Michael Hollow\nAnnetteberg, TX 11197','216-333-81','millerruben@example.com','!4LlTQlr3!'),(219,'Stephen','Ford','Peterson','18916 Rodriguez Common\nEast Jonathon, AS 53200','001-655-65','ramossherry@example.org','f+5Ho4nH!0'),(220,'David','Stone','Bruce','433 Rollins Springs Suite 241\nByrdport, CO 61875','(618)433-3','david84@example.org','96RXVpVr$j'),(221,'Jason','Gilbert','Benson','USS Bennett\nFPO AP 63339','9434938705','joycebonilla@example.com','W+7HK#4xTq'),(222,'Joel','Phillips','Chang','59880 Mitchell Fort\nNorth Christina, ME 56790','609-247-86','parkscheryl@example.com','%8b3oOu9LO'),(223,'Sheila','Stone','Hammond','36659 Angela Squares Suite 012\nPatriciashire, MH 82348','943-836-97','taylorstone@example.com','y74Ithbf)A'),(224,'Douglas','Lane','Walton','456 Warren Viaduct\nEast Penny, VT 16204','421.367.74','yedwards@example.com','XeBtEUrv%1'),(225,'Rodney','Gomez','Cunningham','799 Brian Orchard\nRobertstad, WI 62816','818-368-53','sarah09@example.org','_yTFct9A(9'),(226,'Tyler','Walton','Martinez','78478 Long Pines\nBrownshire, VT 59838','8168206132','cyoung@example.com','MK_1PsvW!('),(227,'Edward','Huerta','Hood','12707 Fox Port\nNorth Brendafurt, PA 52709','+1-310-269','aadams@example.org','5hnJ&1y@%N'),(228,'Patrick','Ellis','Yang','14800 Sherri Ports Suite 580\nStephensburgh, CO 95755','377.336.16','natashareed@example.org','z09kNbMq@#'),(229,'Tracy','Johnson','Leblanc','5574 Curry Parks Suite 043\nBethshire, WA 57433','493.213.49','pcooper@example.net','43RwYWmR^5'),(230,'Whitney','Smith','Adams','PSC 8359, Box 8815\nAPO AE 42532','768-913-49','mcleananthony@example.com','!egHZMEp58'),(231,'Christina','Wade','Graham','63843 Davenport Flats Suite 626\nWilliamton, HI 28930','338-300-79','timjones@example.net','(sCqvT*#@6'),(232,'Eric','Chavez','Martinez','79488 Barry Rue Apt. 246\nNorth William, ME 06764','3876429251','jenkinsashley@example.org','zO*(S1Tlg&'),(233,'Trevor','Carney','Johnson','6491 Waters Creek Apt. 334\nWest Derekmouth, NY 31264','+1-754-433','vernon90@example.net','&v2!yJj)C9'),(234,'Deborah','Robertson','Clark','0948 Alvarado Circles Suite 616\nSierrastad, NE 58193','642-663-19','cortega@example.com','FaD8THez^U'),(235,'Michael','Chavez','Li','275 Stafford Stravenue\nGabrielafort, ME 08912','874.860.50','carsoncarol@example.org','*$95A$vE3a'),(236,'Joshua','Medina','Smith','5864 Robert Mission Suite 406\nTrujillochester, KY 27044','253.485.08','dalerivera@example.net','hJ+0IIGf!)'),(237,'Andrew','Ramos','Harris','7631 Wilson Route\nMadisonshire, KS 24098','+1-219-469','eric56@example.org','$%SDoRj^H9'),(238,'Mallory','Gordon','Stevenson','0142 Caitlin Course Suite 296\nWest Randy, CO 62680','(482)378-9','erosales@example.org','K)2eMae4wp'),(239,'William','Lopez','Lopez','007 Smith Dale Apt. 062\nNorth Candice, WY 63657','(729)515-6','youngwanda@example.net','C%4XL6sUZc'),(240,'Phillip','Campbell','Walter','1308 Alexis Burg Apt. 646\nNorth Joshua, MT 26630','589-738-08','ayalamike@example.org','w1b2FsV5O_'),(241,'Kaitlyn','Stephenson','Mcpherson','26586 Mary Terrace Suite 151\nLawsonshire, PR 81082','(928)822-0','jeffrey85@example.org','K&&v_7NQss'),(242,'Michael','Lucas','Davis','79073 Weaver Corners Apt. 370\nNorth Peter, FM 29069','8525130561','tiffanylivingston@example.org','RMo6NeBr#t'),(243,'Shannon','Warren','Giles','USCGC Riley\nFPO AA 85596','(636)808-8','uheath@example.com','PtHKUfBa(2'),(244,'Daniel','Mcbride','Pena','82763 Joel Valley\nSouth Danielfort, VA 47460','(703)532-6','elliottcolin@example.org','tkpW^ZyG*9'),(245,'Paul','Higgins','Walls','6010 Terri Curve\nNorth Jessicabury, KS 15919','7636180244','alexis05@example.net','#^5nMUTb#d'),(246,'James','Guzman','Wiley','586 Lee Summit\nTylerton, RI 78367','001-741-30','williethomas@example.org','ga@PV9GyO8'),(247,'Robert','Hill','Nolan','7536 Jeffrey Rapid Suite 809\nBakerhaven, DE 26471','(550)357-0','twilliams@example.net','Qq935Ae&o_'),(248,'Megan','Adams','Price','538 Little Harbors Apt. 400\nEast Mary, LA 69751','439.627.53','yrandall@example.org','m@I3IqKC)j'),(249,'Jasmine','Roth','Butler','11474 Donald Shoal Apt. 147\nSanchezborough, SC 78073','+1-476-223','davidhall@example.org',')47RHoZDmL'),(250,'Erin','Walker','King','38827 Miller Avenue\nConniemouth, ME 40928','(875)604-6','charlotteberger@example.com','t2HimJpp#A'),(251,'Nicolas','Arias','Hendrix','20208 Green Lakes Suite 434\nKarenville, CO 36963','+1-219-267','dgeorge@example.org','uZ%NZjuR^6'),(252,'Stephen','Brown','Morgan','55035 Cabrera Spur Suite 778\nRodriguezside, ME 56893','(960)279-0','taylor02@example.net','YJ9TUuqi*v'),(253,'Alyssa','Lawson','Morgan','13404 Lauren Village Apt. 685\nFitzgeraldton, MH 01027','826.724.70','derrickolson@example.com','!7YkYC7xWt'),(254,'Andrea','Scott','Ellis','Unit 2603 Box 4479\nDPO AA 73330','2527338970','brendapark@example.org','A+0ElfF0vi'),(255,'James','Moreno','Crawford','2171 Love Courts Apt. 462\nNew Heathershire, PW 33151','+1-581-809','vazquezjames@example.net','fO8S2YHs#V'),(256,'Larry','Rogers','Thomas','31018 Jones Green Suite 645\nAllisonside, AL 74295','868.336.82','andreawest@example.org','!BYWMRvv%2'),(257,'Michelle','Faulkner','Short','0576 Zoe Centers\nDariusburgh, VA 35299','001-593-57','christianhayes@example.net','$48SkLIfOu'),(258,'Samantha','Kane','James','18057 Joel Cliff\nWest Ryanfort, MH 53473','7488096196','andrew81@example.com','!v1Sb7Mf)@'),(259,'Mary','Hendrix','Rush','843 Brian Locks Suite 048\nWest Justinchester, GA 69485','887.389.86','eric75@example.org','sB3YjNwtM$'),(260,'Andrea','Burns','Stuart','8844 Mayer Squares\nPort Brandon, SC 58395','545-564-50','kimberlypruitt@example.net','L_J!Y1TxR4'),(261,'Janet','Myers','Fitzgerald','329 Heather Village\nLake Jonathanview, TN 58253','+1-837-742','iross@example.net','O@ui_4Wh#l'),(262,'Anthony','Cervantes','Velasquez','423 Garrett Dam Apt. 219\nJosephshire, IN 56388','001-631-95','michele52@example.org','%!!1NfIdqb'),(263,'Rebecca','Soto','Jackson','1183 Pitts Plain\nGallowaytown, SC 92353','583-317-06','angela03@example.org','VpQ$7Jv4cp'),(264,'Dwayne','Hernandez','Perez','946 Barker Crossing\nWhiteshire, GU 44733','+1-420-513','ifleming@example.org','z(R4SYJgCr'),(265,'Jessica','Lam','Perez','6006 Hunter Pines Apt. 096\nWest Jasonberg, VI 75570','+1-767-782','carlsonpatricia@example.net','Q!0HDxcjOj'),(266,'Richard','Chambers','Keller','7224 Wagner Mews Apt. 641\nLake Selenahaven, SD 68554','766-774-05','pbender@example.org','7(K@d5Zz#w'),(267,'Robert','Collins','Grant','6626 Ray Mountains Suite 011\nMillerfort, MN 82173','3846362537','jennifer08@example.org','A@3W+Q8pUF'),(268,'Melvin','Williams','Chapman','41745 Karen Way Apt. 252\nFarleyburgh, CT 08835','(242)897-9','brianbrown@example.org','^D1RKnWTKa'),(269,'Dale','Griffin','Jarvis','413 Cherry Key\nNelsonton, VI 00609','001-804-73','larrybowman@example.com',')0uVrktm(&'),(270,'Frank','Brooks','Doyle','979 Rose Rapids\nGillespiemouth, ME 77759','292-891-72','yolanda34@example.com','$7VqNQclGN'),(271,'David','Perry','Thomas','3965 Walters Knoll Suite 966\nBarrettport, HI 86919','995-375-66','davidzimmerman@example.net','&)@TA3UiX('),(272,'Tara','Cook','House','89449 Cortez Greens Apt. 160\nSouth Renee, PA 78890','928.545.84','karennunez@example.com','&B5SH)e(1b'),(273,'Andrea','Marquez','Henry','004 Torres Unions\nLake Jamestown, MA 59684','910-466-16','rachelbennett@example.com','Mi$0F3CvFS'),(274,'Mike','Turner','Johnson','7886 Annette Throughway Apt. 161\nNelsonville, WA 45033','633-208-73','bernard43@example.org','z70zCwd1))'),(275,'Kelly','Green','Ryan','7706 Raymond Island\nJenniferport, AZ 69962','653-578-05','stuart88@example.net','%aN9lF6M90'),(276,'David','Garcia','Lopez','PSC 5766, Box 4397\nAPO AA 74534','985-953-98','russelljoshua@example.net','H3n+RZtu^Z'),(277,'Mark','Carroll','Cobb','27853 Avery Corners Suite 327\nNorth Shane, CO 01524','831.417.50','david16@example.net','NkCvjk8S&1'),(278,'Stephanie','Baldwin','Hutchinson','9535 Carroll Grove\nMelissafurt, DC 81720','(232)349-1','hoganryan@example.org','W83%Emt_)9'),(279,'John','West','Baker','USNS Kelly\nFPO AA 56677','551.640.03','stefanie98@example.net',')p3T3lpG4H'),(280,'Tonya','Brown','Mills','0380 Alyssa Pike Apt. 349\nWestburgh, WI 42275','554.931.45','kellyhurst@example.org','#^BPu0IWlv'),(281,'Darryl','Pugh','Hall','36773 James Manors Apt. 663\nDustinstad, NV 60874','810.607.63','edwardbennett@example.com','K7+v3H$h(p'),(282,'Krystal','Young','Barnett','898 Kevin Dam\nBergland, WA 10639','(666)713-0','daniel90@example.org','*P_9RQRw!y'),(283,'Alan','Morris','Martin','4202 Stevenson Plaza Suite 609\nNorth Nicholas, WY 94390','(397)399-3','christopherwarner@example.org','C59vu8WpM$'),(284,'Brett','Wilson','Drake','2550 John Orchard Apt. 977\nLake Mario, TX 55898','985-494-42','alexishorne@example.com','%5m7IlxGsh'),(285,'Matthew','Gallegos','Dickson','974 Riley Lock\nPort Jose, OH 67082','433.728.07','john81@example.org','^pO3TV&WU6'),(286,'Darlene','Fisher','Garcia','66184 Beverly Isle\nPort Tammy, MO 99810','774-627-01','tpotter@example.org','$8r$DmPbrc'),(287,'Wendy','Bryan','Cox','3427 Maureen Shoals Suite 729\nNew Gregory, NM 99811','001-435-45','ccampbell@example.com','!fHam17g0k'),(288,'Judy','Paul','Villa','684 Christopher Point\nJacksonshire, AK 80765','001-643-33','jenniferhuff@example.net','k3Z+Tfpa#O'),(289,'Megan','Cunningham','Hester','5498 Matthew Motorway\nSouth Stacyshire, GU 54301','(202)661-8','mthomas@example.org','GL)#5IxEcj'),(290,'Melissa','Burch','Aguilar','268 Reynolds Square Suite 893\nJohnton, IN 02903','001-941-32','amanda19@example.com','$p9IL5Ec10'),(291,'Amy','Clarke','Thomas','805 Lee Station Suite 328\nEast Amandachester, LA 76343','607.279.96','ricejason@example.net','_s77vLjzUp'),(292,'Joel','Pierce','Taylor','511 Beth Village Suite 229\nJonburgh, LA 41530','(294)862-7','edwardsxavier@example.com','gx7d1Ggo$6'),(293,'Gabriel','Ramirez','Young','25045 Romero Avenue\nWarrenmouth, FM 87812','725-954-22','matthew28@example.org','%d2+lPumG6'),(294,'Alisha','Duarte','Hudson','7269 Katelyn Road Apt. 511\nCoffeyfurt, VT 47016','(486)378-2','hebertbarry@example.com','Y#%9K_Zvek'),(295,'Joseph','Cole','Reeves','05481 Anna Squares\nMillerville, SC 01696','587-684-21','nboyer@example.org','Qd3QP9Kjl*'),(296,'Dawn','Zavala','Mcdonald','69822 Raymond Club\nHollandside, CT 98264','636.885.76','gibsonmichael@example.org','(8VBQtkF6g'),(297,'Jessica','Nelson','Stone','35576 Misty Courts\nPort Annette, GA 72781','(641)821-9','thomas36@example.org','n6Ws1q$Z%w'),(298,'Angela','Dalton','Lam','79640 Powell View\nSmithstad, CO 42884','885.226.72','amycastaneda@example.org','XM%C1A_zrs'),(299,'Kimberly','Scott','Tucker','48571 Gerald Mission\nRachelborough, CA 21786','001-287-35','clarkashlee@example.org',')7@4IotowG'),(300,'Michael','Mitchell','Hall','2569 Heather Place Suite 916\nSarachester, NH 22801','001-733-83','william35@example.org','%5EQxvgiZR'),(301,'Ruben','Johnson','Gomez','85833 David Centers Apt. 427\nDanamouth, OR 80313','578-921-48','nhawkins@example.org','%L0UqeVsfO'),(302,'Sherry','Castro','Blanchard','4249 Gregory Locks Apt. 619\nNew Tanyaland, GA 21251','253.509.39','mark38@example.com','n29b74Cb*b'),(303,'Angela','Phillips','Higgins','5432 Kyle Gateway Apt. 381\nLake Robertberg, CT 90462','001-847-35','nolanrobert@example.org','2QRYo6ibG&'),(304,'Joseph','Thompson','Herrera','0526 Rodriguez Branch Apt. 075\nMarkchester, CA 07354','905.598.11','gregoryrebekah@example.org',')4MvMBm1+6'),(305,'Jacob','Sweeney','Johnson','89856 Brooke Ridge\nDeborahborough, AK 38593','+1-346-912','gonzalezryan@example.org','lK82KqYR+0'),(306,'Meagan','Mccoy','Lamb','4048 Williams Village\nEast Ethanfort, IN 70498','001-755-52','utucker@example.com','f8XAnjP6)A'),(307,'Charles','Lee','Martinez','257 Michelle Union\nSouth Brandon, TX 46825','001-863-92','mlarson@example.org','i_1gGAf&@7'),(308,'Kenneth','Parker','Brown','76976 Williams Groves Suite 178\nLake Seanstad, NC 69273','(415)668-2','samanthataylor@example.org','u$4OhYbJs8'),(309,'Christopher','Jones','Miller','09906 Melinda Glen\nWhitefurt, SC 34986','001-829-50','lukejones@example.com','r#8(Hj6*us'),(310,'William','Obrien','Wagner','878 Carney Lake Suite 987\nNew Laura, OH 82996','001-786-52','nicholsonchristopher@example.com','^9wYU4TdaJ'),(311,'David','Duncan','Mitchell','68565 Harrison Flat Suite 342\nAmandaberg, WY 80439','597-995-43','laura70@example.com','#dgNMDk^W1'),(312,'Kathleen','Ramos','Mullins','6726 Schmitt Centers\nWest Michelle, RI 58841','7294072718','harrisoncarrie@example.net','48R0Os6U(w'),(313,'Michelle','Davis','Martin','0658 Robert Ramp\nLake Kristin, PA 72005','748-475-73','ethomas@example.org','(wnl3Lscmd'),(314,'Gabriel','Sanchez','Turner','94448 Daniel Club Apt. 572\nDunnberg, CO 93380','599-453-55','hendersonlauren@example.org','V$bX9AIles'),(315,'Joel','Fox','Oconnor','9496 Hicks Trail Apt. 095\nJosephton, MT 16266','949.697.88','marshallbrian@example.org','#JDgY0xwj3'),(316,'Tiffany','Rogers','Shaw','67328 Galvan Cliffs\nRussellmouth, OK 75746','252-638-40','susan78@example.com','$+@BMe*!l9'),(317,'Richard','Ellis','Freeman','39177 Kyle Station\nPort David, MS 93521','434.448.53','rachel80@example.net','+U3lG@&rs5'),(318,'Tonya','Cruz','Griffin','PSC 5916, Box 9980\nAPO AE 82697','(728)478-5','brendamorrow@example.com','^6Wwad&zkY'),(319,'Michael','Nunez','Smith','5616 Christine Mountains\nNew Timothytown, KS 93800','(820)306-5','thorntonjacqueline@example.org','n#1eOC@tYk'),(320,'Jessica','Miller','Ramirez','50252 Lisa Inlet\nWheelerfort, KY 61474','442-905-49','crawfordbenjamin@example.com','o!x0W9Jw6m'),(321,'Nathaniel','Reynolds','Moran','828 Lozano Heights\nWest Troy, OH 90352','7836541284','julie09@example.org','Rm^P8IbbT&'),(322,'William','Fields','Davis','563 Vicki Plains\nMichelletown, WV 77151','(835)355-1','sjones@example.com','P@)93SPn+!'),(323,'Christian','Estrada','Duffy','6568 Anderson Summit Apt. 952\nEast Jack, HI 40195','(572)955-8','gweiss@example.com','+8vH3K8r^p'),(324,'Juan','Moore','Neal','USNV Adkins\nFPO AA 94939','677-487-22','olivia36@example.org','5!c4BXVz2c'),(325,'Denise','Davis','Rodriguez','572 Campos Well Suite 442\nMitchellton, CO 95814','336.965.59','hsantos@example.org','i#ce9LqYSC'),(326,'Steven','Jackson','Hayden','28211 Michelle Route Apt. 596\nFlynnmouth, PW 16986','001-950-67','hobbsjennifer@example.com','G!17J%Ap@2'),(327,'Kathy','Collins','Ritter','353 Thompson Extension Apt. 410\nRodriguezchester, AZ 08840','714-473-04','allison72@example.net','GWn2RjA6(%'),(328,'Amanda','Myers','Pitts','287 Rachel Squares\nNew Davidchester, AR 61909','440-475-24','natasha05@example.org','&C2_aDzS23'),(329,'Brian','Miller','Barker','05579 Heather Plains\nNorth Suzanne, NH 07488','(345)372-6','stephen29@example.org','D1Et+%$p@d'),(330,'Katie','Ellis','Brown','463 Janet Pike\nErnestland, IN 67603','+1-479-362','ucampbell@example.org','TI5f82TsL('),(331,'Rachel','Moreno','Conley','3944 Faulkner Mountain Suite 256\nIbarraborough, MP 87109','860.648.29','joshuawalsh@example.org','zuo_u3Enx+'),(332,'David','Blackwell','Cruz','95209 Quinn Lane Apt. 868\nWest Williamfurt, PA 90150','+1-334-510','sheltonbrent@example.net','ZH9Q0Ib4D!'),(333,'David','Rivera','Williams','409 Thomas Mission Suite 171\nSmithburgh, VT 59527','749.332.87','lmullen@example.net','R+7KXs88!2'),(334,'Tony','Sawyer','Martinez','7630 Tyler Square Suite 273\nSouth Davidshire, ME 30093','+1-916-989','jessebryant@example.com','Ha_sT1It*N'),(335,'Steven','Mckinney','Serrano','451 Carlson Glen\nNorth Marvinview, DE 86489','587-886-13','kmurray@example.org','i%0CAVPyta'),(336,'Stephanie','Hoffman','Hoffman','12766 Davila Mountain\nNew Shannon, MD 97073','592-314-51','michealroberts@example.net','RuGZ8Wc7K#'),(337,'Ashley','Bell','Green','03691 Morgan Corners\nBatesville, WY 57621','(481)864-4','tiffanycox@example.com','l+ODQ8Kh@8'),(338,'Tonya','Schwartz','Lloyd','783 Albert Skyway\nAndersonbury, NE 19196','3186563435','robertsdominique@example.org','Sc!SUKl0^6'),(339,'Jerry','Herman','Lewis','1309 Wagner Skyway Suite 822\nWest Benjaminberg, MH 01621','001-322-52','rkemp@example.net','RrCCrxnQ)0'),(340,'Christopher','Taylor','Green','2962 Jasmine Manors Suite 678\nPadillabury, AZ 89564','(671)497-4','vbeck@example.net','rV0mW0Yf^$'),(341,'Nicole','Farrell','Dunn','8140 Melendez Field Apt. 991\nEast Markburgh, KS 39111','7179875727','michaelhughes@example.org','$J_+%WeB(0'),(342,'Edward','Smith','Hodge','5204 Hernandez Plains\nDominiquemouth, AZ 11925','409-415-45','dramirez@example.org','wL1&TQAc4+'),(343,'Claire','Henderson','Gray','3563 Conner Trail\nSouth Jacobville, MT 38696','(699)528-1','kvasquez@example.net','^^TRYTnf0C'),(344,'Jamie','Gardner','Hicks','5838 Heather Freeway Apt. 420\nSouth Derrick, IL 04251','587-421-33','jasonhernandez@example.com','9n)R!MgA)6'),(345,'Melanie','Patel','Maldonado','42841 Cordova Bridge Suite 357\nWilliamsburgh, LA 88083','855.401.99','katrinadiaz@example.org','dB3XOFMn!Y'),(346,'Tyler','Lewis','Mack','9043 Victoria River\nAnnbury, UT 50966','(212)585-8','lwatson@example.net','91pG06Sx+C'),(347,'Amy','Saunders','Smith','019 Luke Drive Apt. 277\nJonathanmouth, AL 31736','(971)496-0','pbrown@example.net','5h8QNFix!x'),(348,'Ricky','Mora','Mcdaniel','0315 Katie Station\nAllenmouth, HI 30589','+1-282-723','michelle12@example.com','sl3gpOyI+c'),(349,'Leah','White','Carter','266 Derrick Mall\nAmandaland, NY 87399','001-778-25','vsherman@example.org','(ZNwRoo+9j'),(350,'Kayla','David','Burton','394 Ryan Vista\nJacksonburgh, MS 72081','001-565-23','codyallen@example.org','&1P$r4Rm84'),(351,'Lee','Bryant','Gilbert','0237 Erika Key\nWest Coreyland, HI 52711','001-933-51','zpalmer@example.net','3%8Fa7ixY)'),(352,'Tina','Obrien','Thomas','9524 Melanie Hollow\nNew Dianafurt, VI 46673','001-716-82','matthewadams@example.net','7^Y2oXkX@e'),(353,'Jackie','Gomez','Carroll','421 Fitzpatrick Trail Apt. 801\nEast Jeremyshire, MT 94912','428.657.39','djackson@example.com','(8Uf&9Vykb'),(354,'Andrew','Mills','Michael','3996 Villa Walks Suite 053\nLake Melissaview, KS 01718','648.874.65','nguyenantonio@example.com','P@5Gu$)d_3'),(355,'Lauren','Hall','Bell','0314 Burke Meadows Apt. 925\nEast Amyborough, VA 74525','9028767484','roberttran@example.net','2HoZKtH4&A'),(356,'Abigail','Gomez','Rodriguez','59403 Diane Spring Apt. 697\nConradborough, NC 65876','914.638.38','pottsbrian@example.org','kw3FWQw&h_'),(357,'Virginia','Smith','Clark','214 Alejandra Passage Suite 373\nPort Stephen, MA 70298','(292)909-2','corey72@example.org','rOCQ6rKC_2'),(358,'Barbara','Lawrence','Simmons','37722 Danielle Drives Apt. 450\nNewtonmouth, AS 29723','5875156168','sarahdeleon@example.org','!YSz6Sewu&'),(359,'Valerie','Jackson','Martin','38522 Michael Brooks\nDavidstad, NM 31907','641-520-96','wilsonmichael@example.net','$8Eb5QkfD!'),(360,'Isabel','Rogers','Mann','361 Rogers Glen\nPort Tanya, TN 39597','+1-457-240','sanderslori@example.net','j*G&0vl@@7'),(361,'Robert','Suarez','Williams','90880 Moreno Port\nSouth Richardbury, MO 46533','778.339.53','nicholas37@example.com','k^0Q7IVj%a'),(362,'Kimberly','Waters','Thompson','393 Jonathan Tunnel Apt. 282\nHarthaven, SC 79560','(523)501-4','ryan26@example.net','392)Efou+_'),(363,'Misty','Wood','Coleman','78497 Charles Fords\nCarlyview, MD 73795','(727)381-3','pturner@example.com','aQQfVDcu(9'),(364,'Jonathan','Vasquez','Brown','9827 Lisa Street\nMichaelbury, HI 40320','871.553.28','sonyarodriguez@example.com','le4KOflL&)'),(365,'Michael','Jones','Moore','18401 Jones Brooks\nNew Dana, DC 17655','515.801.29','keithbrown@example.com','*2jLB&YwjG'),(366,'Danielle','Collins','Hart','2569 Thompson Mountain\nWest Heatherstad, FL 50852','445.602.38','osmith@example.org','%7T3Djjv^@'),(367,'Chris','Bryant','Davis','9795 Lance View\nNorth Alexandratown, OK 63966','709-490-55','richmelissa@example.net','w9M53ZBpM$'),(368,'Kristin','Nguyen','Mcguire','448 Martinez Locks\nAdriennemouth, AK 18610','7278922976','sabrina22@example.org','!F7$FKcg^S'),(369,'Brent','Moore','Sexton','756 Baker Lodge Suite 311\nPort Chad, NM 38974','(910)642-0','robinjohnson@example.org','(XUFjJIDv7'),(370,'Patricia','Simmons','Sexton','447 Moody Branch\nPort Catherine, MS 03699','(762)604-5','itaylor@example.net','_12L0Geu3+'),(371,'John','Walton','Salazar','07681 Christine Station\nRebeccabury, MO 80367','400.928.82','penningtonbeverly@example.net','aIW01#Eyh%'),(372,'James','Fisher','Davidson','820 Kristina Turnpike\nSouth Juan, AS 21500','478.621.16','glendaklein@example.net','^Oe_6U4+1e'),(373,'Erik','Shepard','Shaw','052 Jessica Row\nNorth Angelamouth, AK 70539','001-431-90','madison99@example.net','!!2aO8evBP'),(374,'Diane','Jones','Spence','52107 James Harbor Suite 144\nGrahamview, RI 96531','(262)402-8','lewisrussell@example.net','6xPkhKdb(I'),(375,'Robyn','Wilcox','Haas','90211 Jennifer Stravenue Apt. 478\nAdamshire, AK 89166','+1-712-858','thompsonalyssa@example.com','L6RFe33Q_j'),(376,'Madeline','Miller','Bridges','05405 Jermaine Trace Apt. 052\nBishopville, MT 85571','920.401.41','williecain@example.com','729S%YbB#c'),(377,'Carolyn','Perez','Garza','0684 Sullivan Highway Apt. 501\nTimothyport, LA 60764','468-708-50','michael28@example.net','zf)3S(Dm8Z'),(378,'Courtney','Murphy','Davis','USNV Sims\nFPO AP 17815','(326)745-1','guerrerochristopher@example.org','_*C#1fCklH'),(379,'Jeffrey','Lee','Martinez','67515 Jenna Mall Suite 336\nNew Cheryl, OH 86320','990-773-36','johnsondave@example.org','wg5aXXdw@g'),(380,'Joseph','Clark','Higgins','00126 Tamara Corner Suite 023\nEast Amychester, ID 49994','395-592-09','michael86@example.net','o&y$8Mfon@'),(381,'Rachel','Brown','Smith','24284 Sharon Shoals\nNorth Nicholasshire, FM 86252','450-897-38','jennifer00@example.net','b*h06RpfgU'),(382,'Steven','Hammond','Hoffman','64909 Nicholas Isle Suite 242\nPort Isaacshire, UT 04403','9284691567','xdavies@example.com','s(Q5IBwK!f'),(383,'Matthew','Dunn','Church','32065 Dennis Road\nEast Shannon, OH 72218','(867)509-4','amanning@example.org','F9hGkyo_%@'),(384,'Adam','Campbell','Marsh','955 Dominic Fords\nMirandafurt, DE 77084','+1-407-727','johnsonalexis@example.org','@T(_3HBiTH'),(385,'Tina','Reed','Black','227 James Rue\nSouth Jacquelinefurt, MS 86405','+1-331-253','robert61@example.com','@94RN@Lh!1'),(386,'Travis','Hale','Flores','09594 Owen Gardens\nYuville, MT 53585','561.983.64','nicholasmerritt@example.org','!X6R2NXoJ*'),(387,'Nicholas','Smith','Lee','634 Henderson Locks Suite 559\nPort Andrewview, OK 18504','729-695-02','blackdavid@example.org','Z%b5BXsazi'),(388,'Anna','Thomas','Davis','2372 George Junctions\nPort Brendashire, NJ 73295','+1-562-349','vgonzalez@example.org','q$7pCpQhCf'),(389,'Kimberly','Salazar','Wagner','75222 Ralph Avenue\nStephensonchester, AS 81174','360.857.18','alexander74@example.net','l7wtFs$t@W'),(390,'Gina','Smith','Buckley','23297 April Roads Apt. 109\nLake Robert, TX 62210','001-538-61','randallleonard@example.net','TceG2Gzmj^'),(391,'Stephanie','Morrison','Hammond','411 Jonathan Green\nColinmouth, LA 17180','001-551-97','scottjuan@example.org','*J9HJRu9$E'),(392,'Matthew','Lawson','Welch','191 Kathryn Motorway\nSouth Kevinside, NE 77732','001-658-28','twilson@example.com','I5*6WBuP%G'),(393,'Brett','Gomez','Bell','04176 Miller Drive Suite 038\nRoseburgh, VT 39099','3956589157','sheilajones@example.com','#)Pfwd9u0L'),(394,'Heather','Anderson','Stevenson','10279 Spencer Crest\nIsaacstad, CT 83032','+1-310-372','melissarandolph@example.net','vweC5cUK!0'),(395,'Katelyn','Cobb','Johnson','3772 Emily Forges Suite 870\nZacharymouth, AR 10653','2666274197','ymiller@example.org','f^5zG$fJuy'),(396,'Natasha','Myers','Lawrence','63578 Gonzalez Lodge\nSuzanneshire, RI 05067','3958263796','brendaneal@example.net','a0DISP+A@r'),(397,'Brandon','Hall','Garcia','4324 Timothy Trail\nRobertton, SD 04758','+1-695-581','dwilliams@example.com','4xRKZxOb@C'),(398,'Christopher','Fernandez','Vazquez','3496 Young Tunnel Apt. 357\nKatherinemouth, MP 27744','351-897-33','jeffreybennett@example.net','ltB3RGgs(S'),(399,'Stephanie','Burton','Hernandez','445 Williams Plains\nHowellmouth, AS 49801','+1-583-820','mullinsaustin@example.com','thLgZ3Mk@4'),(400,'Renee','Moran','Cobb','53674 Diaz Fall Suite 167\nMatthewmouth, NE 60618','852.995.86','kwebster@example.org','@jJ8!RChb3'),(401,'Michael','Davis','Jenkins','81664 Daniel Heights Apt. 382\nNorth Williamview, TX 22366','+1-516-674','jacob80@example.com','i*8Bpaob_%'),(402,'Anthony','Foster','Nelson','8821 Sandra Mews\nNorth Vanessamouth, MD 16934','296-480-31','xjones@example.net','10kNPd*o#j'),(403,'Austin','Oconnor','Mack','60014 Anderson Manors\nLake Andrewmouth, CT 90871','820.640.71','pollarddiane@example.org','@3jShzFc+K'),(404,'Antonio','Roberts','Berry','5366 Jessica Grove\nSouth Olivia, HI 18344','(770)246-2','jeremywilliams@example.com','T&68VRFx2M'),(405,'Michael','Davila','Robinson','04550 Tiffany Path Suite 568\nStevenburgh, WI 59143','556-685-15','thomaskristen@example.net','$3ZsSqHu0l'),(406,'Paul','Juarez','Cunningham','7703 Villarreal Forest Apt. 516\nSouth Janetmouth, KS 28271','777.919.46','rsanchez@example.org','WEHc)gg!@1'),(407,'Brianna','Grimes','Mitchell','PSC 5455, Box 8457\nAPO AP 93918','3313729943','pagebenjamin@example.net','zzchK4Ed)8'),(408,'David','White','Taylor','10027 Houston Shoal\nPort Georgefort, MA 77189','543-818-21','shermanmichele@example.com','_O4SeYKj40'),(409,'Derrick','Beltran','Martinez','2301 Janice Green\nMoorestad, DE 39644','001-887-59','nicolefritz@example.org','c^bm2RnkvI'),(410,'Michael','Barnes','Smith','10048 Gina Burgs Apt. 096\nKathleenville, NJ 51208','(487)886-5','andreajohnson@example.net','_XV@fc#2X8'),(411,'Kristine','Stout','Ramirez','247 Claire Squares Suite 607\nMeganview, MP 32001','001-876-22','mcdanielsarah@example.org','_#8kLyVooU'),(412,'Jonathan','Gonzalez','Frye','PSC 3365, Box 2611\nAPO AE 71633','+1-449-218','handerson@example.net','rywcp@C3&2'),(413,'Stanley','Colon','Rodriguez','79561 Miller Rue Suite 019\nPort Christinechester, AL 69684','5174367544','knoxcody@example.com','+(MWnIAzZ8'),(414,'Kimberly','Kerr','Cox','6687 Fletcher Freeway Suite 951\nWest Charles, MS 50253','+1-737-421','xnorris@example.net','@6(TakjD2&'),(415,'Kari','Collins','Sandoval','394 Erica Estates Apt. 215\nGilmoreville, GU 36260','379.361.73','veronica65@example.org','5@5omK8ib6'),(416,'Karen','Soto','Townsend','56385 Sheila Circles Apt. 028\nWest Hannahton, MT 97909','334.877.11','kingjennifer@example.org','eS!6SI%s+!'),(417,'Joshua','Martinez','Jones','427 Timothy Way\nChristianborough, AR 99720','721-338-38','hnavarro@example.org','0pEh*F6$_J'),(418,'Christopher','Rogers','Sims','732 Nicholas Squares\nJohnnyberg, VT 37066','2045567354','tyler17@example.com','%3ijvgSb2E'),(419,'Christopher','Mitchell','Strickland','436 Hall Dale\nStephaniemouth, FL 28648','853.614.59','gloriafranklin@example.org','(V!9H2dXAj'),(420,'Dylan','Mendoza','Franklin','445 Jonathan Heights\nPort Sandra, CO 93786','937.232.03','burnschristopher@example.org','+7VOGLokj5'),(421,'Carolyn','Powell','Cox','8090 Jeffrey Garden\nTylerbury, MI 86466','9517504113','qmorales@example.com','(&8m2Bi0Da'),(422,'Mike','Smith','Dougherty','4871 Hampton Points Suite 580\nSotofort, TX 95021','(871)701-8','rivasrachel@example.com','*5qQTrA4TD'),(423,'Bonnie','Mason','Clayton','888 Austin Summit Suite 936\nKathyberg, ME 22682','802-331-68','carsonerin@example.org','8^2FmidS5l'),(424,'Daniel','Smith','Mccoy','0846 Doyle Springs Suite 006\nChristopherfurt, WV 18052','(581)977-8','qlee@example.com','a8Xlak%$&%'),(425,'Jose','Floyd','Moreno','460 Lopez Motorway\nWest Adam, NJ 42523','595-976-32','ashley12@example.net','8t2nU0Dqk#'),(426,'Tyler','Ellis','Johnson','PSC 5199, Box 9309\nAPO AP 09427','+1-381-514','skhan@example.net','(jituBbU8O'),(427,'Robert','Burns','Marshall','9027 Scott Ridge Suite 964\nJohnton, KY 34230','(762)497-7','jmartin@example.org','iP9+Eb!q*R'),(428,'Theresa','Lloyd','Robinson','99311 Bill Cliffs\nPort Normanberg, IA 19994','001-934-40','nelsonkevin@example.org','+wEtH%Ksc1'),(429,'Anita','Doyle','Sanders','612 Williams Course Apt. 594\nPort Matthewfort, UT 03217','(500)858-6','waynegraham@example.net','b+8LT3^b4r'),(430,'Jorge','Rodgers','Gibbs','906 Gonzalez Trafficway Suite 570\nDixonton, DE 13413','(541)408-3','duffygabriel@example.org','h85LhTme+$'),(431,'Brian','Mitchell','Sullivan','1526 Nicole Springs\nDavismouth, IN 92094','979.557.25','orubio@example.org','4UI2a2oe&G'),(432,'Maria','Kelly','Preston','973 Katrina Junction Suite 343\nDuffystad, NH 20394','728-816-97','lisa60@example.net','^k&yDWGV5^'),(433,'Arthur','Ward','Rice','673 John Avenue Suite 877\nNorth Heidi, PR 21070','855-424-77','campbelldanielle@example.org','gqOEo@z((7'),(434,'Michelle','Williams','Henry','PSC 4418, Box 3018\nAPO AA 42972','4366545672','hallen@example.org','IEcP57Gi^_'),(435,'Eduardo','Chambers','Bell','97038 Jenny Unions Apt. 457\nJordantown, DC 79708','001-534-75','gcox@example.net','2^7ogDtK*!'),(436,'George','Fischer','Parsons','78490 Thomas Lodge\nNew James, SC 83766','864-657-39','xadams@example.com','I0X69FGw#4'),(437,'Kenneth','Madden','Lawrence','8260 Ryan Fields Suite 953\nLake Brenda, GU 48881','346-406-65','david28@example.com','Bwe4JK!c_o'),(438,'Donna','Everett','Jacobson','5759 Nelson Oval\nMarieton, GU 84503','247-474-79','feliciaoneill@example.com','9r&0vWkmQ$'),(439,'Dana','Ray','Osborne','778 Nixon Port\nNorth Richardstad, DE 68526','513-620-18','njackson@example.com','2WzhiQ(x(V'),(440,'Melissa','Smith','Hancock','979 Sandra Lodge Suite 324\nWelchmouth, FM 79403','446-317-49','weissmichelle@example.org','i7MmwdC#_p'),(441,'Samuel','Montgomery','Cruz','448 Gregory Circles Apt. 776\nJenniferside, IN 45033','569.915.45','danielleclark@example.com','JofB1Ul5@4'),(442,'Beth','Williams','Cervantes','591 Carroll Turnpike\nEricton, MT 07570','981-396-94','tbrooks@example.com','F)0Uxy$abM'),(443,'Jill','Silva','Norton','1665 James Street Suite 132\nEast Brittany, VA 65483','258-649-91','moranicholas@example.org','2nZ%NtPp*5'),(444,'Kimberly','Rivera','Henderson','3522 Cheryl Summit\nCrawfordville, DC 58535','731.449.51','cking@example.net','#bt6p9Gel%'),(445,'Lauren','Wallace','Mack','441 Jonathan Court\nPort Jamesmouth, IA 99494','365.532.41','dodsonchristine@example.org','b%g03rtxdV'),(446,'Charles','Scott','Sparks','340 George Curve Suite 366\nLoganside, MH 68549','(709)424-7','vbutler@example.net','kA_Y3BXv8X'),(447,'Mallory','Taylor','Adkins','819 William Cove\nDonnamouth, VI 94599','(892)642-7','harrisonrebecca@example.org','!V3s%bo7G0'),(448,'Zachary','Ellis','Villa','46535 Mark Lock\nJanethaven, FM 65538','586.614.57','fernandezmichael@example.com','WiY0YlS1*&'),(449,'Shannon','Gomez','Hamilton','53262 Michael Mountain\nStephanieville, LA 98670','(637)392-1','kcochran@example.org','#y7(ROTe+%'),(450,'Brian','Miller','Richards','5920 Nguyen Rest\nHallburgh, ND 72344','492-995-55','karen79@example.org','Sk(R#6BlZT'),(451,'Stephen','Wallace','Thomas','0787 Kimberly Loaf Suite 602\nMayview, PA 47319','+1-349-955','eric76@example.org','yv5J(2suz#'),(452,'Daniel','Webb','Turner','776 Jeffrey Ports Apt. 644\nFernandezberg, GA 85165','889.606.93','julie19@example.com','*8o4uU)rC3'),(453,'Gregory','Hernandez','Davis','772 Adams Unions\nThomasborough, MD 89740','9537464502','nlyons@example.org','%6OuT_f0)Q'),(454,'Michael','Church','Mills','2808 Timothy Estate\nEnglishburgh, MP 19511','001-441-96','dpitts@example.com','_cJ5lENg8@'),(455,'Kyle','Clark','Roberts','5337 James Street Suite 863\nEast Sara, MH 44196','692-288-63','johnsonbrian@example.net','6N5WlGtOy^'),(456,'Tamara','Vargas','Adkins','USNV Bush\nFPO AE 02403','889-493-17','joseph61@example.com','#WxFd7fz4M'),(457,'Charles','Allen','Wolfe','2785 Simon Plain Suite 977\nMullenside, SC 58647','+1-525-385','curtisduran@example.com','88GN$hv!@L'),(458,'Steven','Beltran','Turner','2243 Cathy Throughway Suite 049\nGonzalezport, PW 99084','982-310-49','marilyn20@example.com','@VC2roLE)5'),(459,'Jacqueline','Robinson','Boyer','PSC 5131, Box 5714\nAPO AA 16756','(521)988-8','palmeralbert@example.net','t_KI3IjU@#'),(460,'Richard','Webb','Potts','2947 Knox Village\nEllenside, TN 82931','784-238-13','brent36@example.org','z)8NVVziw!'),(461,'Penny','Caldwell','Thomas','44864 Perez Lake Apt. 514\nWest Matthew, MD 97105','(616)244-7','xdixon@example.com','h^2KpEcu66'),(462,'Erica','Hill','Cherry','PSC 0475, Box 6521\nAPO AA 98058','(524)419-8','guerrasara@example.net','^2%l8Ojq4K'),(463,'Joshua','Wade','Pena','61404 Hayden Ports\nStonestad, MS 78052','+1-300-671','figueroaemily@example.org','K4q2R(8r@2'),(464,'Mariah','Hernandez','Parsons','213 Hess Mount\nBradleymouth, ID 81787','978.637.99','rwiggins@example.com','kFb2HdRN)&'),(465,'Angela','James','Calhoun','USNS Weaver\nFPO AP 95933','802.410.05','franklinsmith@example.org','V!3*PByphI'),(466,'Diane','Jones','Mccoy','56524 Johnson Gateway\nEast Debra, OR 33099','001-544-66','wardjoseph@example.net','q9BohMpF%0'),(467,'Jocelyn','Shelton','Higgins','4115 Jeffrey Passage\nNew Graceport, KY 08288','439.737.66','ydavis@example.net','BPNrat3Y!3'),(468,'Dennis','Johnson','Reed','70682 James Club Suite 686\nNorth Michelle, GA 44026','001-251-24','racheljones@example.com','%0g3ZoxT$G'),(469,'Travis','Olson','Howell','5265 Richard Hollow Suite 443\nGouldland, VA 85254','(794)430-7','loganlarsen@example.net','0%tm63JbIZ'),(470,'Kevin','Gray','Dixon','08498 Victor Forks Apt. 113\nNew Laura, DE 99605','671.884.68','kwilliams@example.com','$e4aD+v#sU'),(471,'Rebecca','Sanders','Pope','5148 Jackson Mountains Suite 544\nEast Megan, ID 26976','(583)460-4','hopkinswilliam@example.com','!dH7K6&zGD'),(472,'Stephanie','Anderson','Chambers','50976 Ashley Motorway Apt. 965\nJessicaland, IN 46606','+1-434-882','maydylan@example.org','43&i!Ow@$X'),(473,'Patricia','Morales','Watson','0977 Scott Gardens Suite 600\nSouth Martinchester, IN 42185','248.636.91','ashley11@example.org','(6&(7KnmFf'),(474,'Tammy','Evans','Franco','2000 Todd Isle\nAndrewhaven, AZ 36462','927-517-10','brian02@example.com','%aYrID7t1z'),(475,'Sandra','Murphy','Wong','5077 Brown Shoals\nLake Kathleen, AL 48729','518.865.13','brian17@example.org',')yArDclI8h'),(476,'Ronald','Meyer','Hogan','1591 Maria Trafficway Apt. 841\nCummingston, MO 49682','(882)348-4','morrismadison@example.com','6H2z#m*yN@'),(477,'Alicia','Sheppard','Raymond','16564 Jeffery Crest Apt. 027\nEast Sherryton, PA 95619','932.718.40','mary79@example.com','2&HJhyNq*%'),(478,'Colleen','Harris','Aguilar','048 Chen Ramp Apt. 030\nLake Terri, MP 09923','(400)393-7','brenda53@example.com','rM1OhfSF*9'),(479,'Melissa','Edwards','Landry','1473 Deleon Underpass Suite 505\nNorth Angel, IA 64785','862-998-88','kathy55@example.net','r4qMjV^A^!'),(480,'Frank','Gibson','Ryan','886 Joshua View\nLake Jorge, OK 92605','+1-430-621','xwhitney@example.com','#fCixSnxn1'),(481,'Frank','Parker','Kelly','84302 Janet Tunnel Suite 173\nKevinbury, VA 86131','+1-773-532','joshua14@example.net','zm_2nOfkF_'),(482,'Michael','Davis','Novak','851 Lyons Square Apt. 853\nNew Lisachester, NJ 45365','567-617-87','usmith@example.com','*dTN!s%*^1'),(483,'Shane','Reynolds','Ponce','205 Cynthia Avenue\nNorth Meghan, MD 18156','(733)486-7','zmiller@example.org','#YKkPZaa63'),(484,'Amanda','Barnes','Nguyen','337 James Summit Apt. 839\nNicolehaven, PW 29977','386.691.01','lisajackson@example.org','%9^Dd0)f^Y'),(485,'Tristan','Lawrence','Ward','08094 Joshua Row Apt. 762\nNorth Alexmouth, CT 92288','001-302-30','dakotaadams@example.org',')dROvSRun8'),(486,'Steven','Burnett','Torres','USNS Jones\nFPO AP 68118','443-247-26','larryanderson@example.net','6oHrb6rq^T'),(487,'Jennifer','Jones','Hernandez','2454 Harper Harbor Apt. 781\nMadisonchester, IL 74286','(957)290-5','jamesdelgado@example.org','8gv5Oj%m@G'),(488,'Heidi','May','Adams','91639 Finley Pass Apt. 987\nHawkinsview, PA 94511','835-721-05','andreacarter@example.com','_JOQ3Ij4qt'),(489,'Jessica','Cervantes','Quinn','6570 Cowan Brooks Suite 254\nSouth Tiffanyton, RI 79203','399.927.22','cynthiawallace@example.net','j4qRCMlN%j'),(490,'Dalton','Cruz','Morris','98173 Rollins Mountain Suite 260\nSouth Victoriaport, HI 07491','876.505.07','miguelcooper@example.org','!I4^MrcIFI'),(491,'Daisy','Evans','Medina','5343 Patterson Glen\nHullfort, KY 43027','+1-785-580','joshuajohnson@example.net','M8KKn_1e%x'),(492,'Christopher','Kelley','Clay','USCGC Cline\nFPO AP 38045','331.265.29','proctorkara@example.com','Y52LwLyP*s'),(493,'Frank','Brown','Gomez','8195 Amy Point\nWest Diana, AK 60880','+1-898-928','martincynthia@example.org','m5Go7eGh)o'),(494,'Misty','Mullen','Johnson','Unit 7066 Box 7735\nDPO AP 94163','575.684.05','robert23@example.com','_+1wViWqU@'),(495,'Matthew','Jones','Davis','2898 Pamela Stravenue Suite 558\nSouth Patriciaport, OR 94560','323-242-34','wrightdylan@example.com','5t^7%3Tl*d'),(496,'Christine','Mcintyre','Waller','20147 Jennifer Spurs\nHernandezmouth, ND 18582','+1-863-774','janet77@example.org','M)5l31Sp_M'),(497,'Michael','Garcia','Figueroa','630 Michele Manors\nDennisland, ND 41046','001-788-63','whitakermaria@example.net',')7!Eb&gr@8'),(498,'Christine','Clark','Henderson','24191 Nathan Mountain Suite 668\nAllisonport, AL 29823','001-581-87','rachel24@example.org','PqT#2#Dl3T'),(499,'Melanie','Lucas','Espinoza','063 Willie Valleys Suite 616\nPottsshire, WI 01479','+1-432-732','brian01@example.org',')0&O^cu3Vk'),(500,'Emily','Castro','Galloway','7673 Mendez Harbors Suite 819\nEast Taylorside, FL 65829','+1-590-700','murrayjohnathan@example.net','+!E7HC3c)9');
/*!40000 ALTER TABLE `usuario` ENABLE KEYS */;
UNLOCK TABLES;
/*!40103 SET TIME_ZONE=@OLD_TIME_ZONE */;

/*!40101 SET SQL_MODE=@OLD_SQL_MODE */;
/*!40014 SET FOREIGN_KEY_CHECKS=@OLD_FOREIGN_KEY_CHECKS */;
/*!40014 SET UNIQUE_CHECKS=@OLD_UNIQUE_CHECKS */;
/*!40101 SET CHARACTER_SET_CLIENT=@OLD_CHARACTER_SET_CLIENT */;
/*!40101 SET CHARACTER_SET_RESULTS=@OLD_CHARACTER_SET_RESULTS */;
/*!40101 SET COLLATION_CONNECTION=@OLD_COLLATION_CONNECTION */;
/*!40111 SET SQL_NOTES=@OLD_SQL_NOTES */;

-- Dump completed on 2024-05-25 13:26:27
